filename,width,height,total_samples,duration_sec,motion_min,motion_max,motion_mean,motion_median,motion_p90,motion_p95,motion_p99,scene_diff_min,scene_diff_max,scene_diff_mean,scene_diff_median,scene_diff_p90,scene_diff_p95,scene_diff_p99,run_diff_min,run_diff_max,run_diff_mean,run_diff_median,run_diff_p90,run_diff_p95,run_diff_p99,max_contour_min,max_contour_max,max_contour_mean,max_contour_median,max_contour_p90,max_contour_p95,max_contour_p99,brightness_mean
2026-07-01-06-11.mp4,640,360,37,540.0,0.0,66.8234,12.111,12.7335,19.8312,23.7572,54.0893,0.0,48.053,27.5,21.2595,46.3589,46.9542,47.8527,0.0,55.2539,13.9626,7.7609,45.8457,52.6641,54.6553,0.0,33.9004,3.6279,2.0705,6.2894,9.1345,25.7843,131.1678
2026-07-01-06-21.mp4,640,360,37,540.0,0.0,67.6003,7.7316,4.707,13.9864,16.2915,49.449,0.0,61.5881,20.3354,9.408,51.0672,52.0188,58.3459,0.0,65.0438,11.3919,4.4631,50.1306,51.8677,60.933,0.0,42.5017,3.4178,2.0948,5.416,6.4921,29.8041,136.7305
2026-07-01-06-31.mp4,640,360,37,540.0,0.0,28.4375,16.8629,17.5048,24.0364,24.8008,27.7102,0.0,27.6237,16.4908,19.5312,23.2428,23.4526,26.1482,0.0,23.5469,13.2315,17.0039,20.6652,21.4616,23.2627,0.0,9.3641,3.7563,3.3546,5.765,6.2277,8.2716,126.7024
2026-07-01-06-41.mp4,640,360,37,540.0,0.0,53.7734,11.3131,11.974,18.8875,28.6399,52.9106,0.0,54.2023,15.4982,13.8824,21.9521,43.2127,50.5812,0.0,53.8633,7.7257,0.0317,17.8355,40.3153,49.1206,0.0,44.6339,4.0264,2.1927,6.5861,13.2753,39.5116,128.697
2026-07-01-06-51.mp4,640,360,37,540.0,0.0,22.7517,2.6228,1.2548,6.0867,8.0099,17.807,0.0,20.9961,13.1847,12.8047,19.4467,19.9535,20.7021,0.0,5.622,1.9257,2.1037,4.3023,4.7546,5.412,0.0,3.9193,0.9191,0.5132,2.3604,2.9912,3.75,136.413
2026-07-01-07-01.mp4,640,360,37,540.0,0.0,6.8273,1.2848,0.0026,3.7223,5.6712,6.5871,0.0,21.1714,9.2095,10.3134,15.5118,18.4152,20.6839,0.0,6.9527,1.3506,0.224,5.4954,5.5416,6.4729,0.0,2.3874,0.4541,0.0,1.376,1.4468,2.0864,137.6257
2026-07-01-07-11.mp4,640,360,37,540.0,0.0,44.5577,5.9618,2.8368,8.5519,29.6346,44.2699,0.0,46.7691,22.7829,34.7357,36.1458,37.1123,44.5182,0.0,42.7613,8.6959,5.4214,28.0281,32.0901,40.5794,0.0,16.7747,2.1448,1.13,4.9736,7.8569,16.6399,137.7616
2026-07-01-07-21.mp4,640,360,37,540.0,0.0,11.4319,2.8458,2.6619,6.6041,7.491,10.032,0.0,19.2331,11.3758,13.0069,18.8722,18.991,19.1773,0.0,10.9614,3.4514,4.0573,6.203,10.5183,10.927,0.0,4.3993,1.4079,1.0082,3.2427,3.3276,4.0403,136.9119
2026-07-01-07-31.mp4,640,360,37,540.0,0.0,5.6081,1.1649,0.0043,4.0425,5.1389,5.5536,0.0,9.2969,2.4923,3.1259,5.4728,7.9195,9.0825,0.0,5.951,1.1251,0.0417,3.8047,4.9866,5.779,0.0,2.4605,0.3919,0.0002,1.155,1.546,2.3273,137.8003
2026-07-01-07-41.mp4,640,360,37,540.0,0.0,43.8281,4.2423,0.4948,7.1058,21.1865,41.5862,0.0,44.3767,22.9302,31.0113,32.7028,33.0055,40.3236,0.0,44.02,7.4059,3.5178,27.4627,30.3285,39.4028,0.0,17.829,1.6259,0.1908,3.5004,5.9605,15.0364,136.0478
2026-07-01-07-51.mp4,640,360,37,540.0,0.0,24.0048,2.9896,0.6658,6.0503,10.689,22.2159,0.0,25.8294,9.332,6.901,25.0684,25.7351,25.7972,0.0,24.4158,5.5498,2.7574,20.3817,22.9656,24.2522,0.0,6.0844,1.0957,0.3581,2.7597,3.7539,5.4257,135.8619
2026-07-01-08-01.mp4,640,360,37,540.0,0.0,5.0143,1.1345,0.8151,3.1273,3.5525,4.6156,0.0,12.9293,5.5684,5.1784,10.4306,11.4653,12.7841,0.0,5.6649,1.3767,0.3546,3.8562,4.5443,5.5865,0.0,2.5543,0.5952,0.4214,1.4421,1.7166,2.2573,136.5168
2026-07-01-08-11.mp4,640,360,37,540.0,0.0,48.806,4.9124,1.5022,8.4177,24.0142,48.279,0.0,45.4236,30.7006,37.7582,39.6439,40.0184,43.7973,0.0,38.2188,5.7149,2.1254,22.3528,34.8034,37.5707,0.0,29.1137,2.6318,0.7836,3.3272,12.5905,28.3987,137.6792
2026-07-01-08-21.mp4,640,360,37,540.0,0.0,61.9184,6.3463,2.9497,8.2737,30.4545,55.3059,0.0,60.1345,40.5138,52.6766,56.7982,57.6508,59.615,0.0,60.3016,12.5996,3.7253,54.7822,56.0278,58.9499,0.0,37.3381,2.7597,1.4803,2.9788,7.8458,28.1134,134.9892
2026-07-01-08-31.mp4,640,360,37,540.0,0.0,13.5551,3.2133,2.4965,7.0385,9.4377,13.0362,0.0,25.3299,14.1855,20.6471,23.4294,23.4705,24.6651,0.0,15.7205,4.652,2.7222,12.0016,13.7483,15.5681,0.0,2.3963,0.971,1.0013,2.1399,2.322,2.3792,132.8265
2026-07-01-08-41.mp4,640,360,37,540.0,0.0,55.1115,4.3767,2.0846,5.6218,12.4899,47.2082,0.0,58.7669,18.7161,7.3885,57.2766,58.5992,58.7306,0.0,58.6636,10.8627,2.6632,53.9027,58.3354,58.6447,0.0,29.7687,2.3217,1.2528,2.2898,6.2779,26.1591,134.62
2026-07-01-08-51.mp4,640,360,37,540.0,0.0,5.7005,1.1605,0.7218,2.8466,3.0936,4.8486,0.0,6.0252,3.3987,4.6085,5.7435,5.8225,5.976,0.0,4.5833,1.443,1.4288,2.8443,3.2777,4.3769,0.0,3.0395,0.5768,0.1749,1.6556,1.735,2.6261,141.3386
2026-07-01-09-01.mp4,640,360,37,540.0,0.0,58.9002,4.6975,1.3229,5.9261,15.4252,55.8671,0.0,61.2799,27.6099,32.6398,34.8268,34.9856,51.8734,0.0,29.9605,3.9677,2.1923,6.3018,18.3472,28.3596,0.0,31.4896,2.7651,0.5176,4.2883,9.9108,31.1827,140.323
2026-07-01-09-11.mp4,640,360,37,540.0,0.0,64.7174,3.525,0.0247,6.5215,10.3274,49.0727,0.0,65.4549,31.1169,6.9457,64.7902,64.9808,65.4135,0.0,61.1107,9.9102,0.0122,55.8358,59.0937,60.7452,0.0,43.3127,1.9354,0.0076,3.4255,3.7342,29.3761,133.1443
2026-07-01-09-21.mp4,640,360,37,540.0,0.0,56.3398,1.9456,0.0139,0.0904,6.0154,39.6289,0.0,64.3789,7.1344,8.1463,9.2805,9.3752,44.5978,0.0,56.3655,2.8463,0.0221,7.9942,8.3252,39.1642,0.0,35.6756,1.165,0.0033,0.0469,2.995,24.4965,124.4562
2026-07-01-09-31.mp4,640,360,37,540.0,0.0,9.3733,2.5208,1.8819,5.6323,6.7576,8.7738,0.0,11.3967,7.6636,8.6445,10.2557,10.7101,11.2301,0.0,10.457,2.5449,1.0273,7.0438,8.3346,10.1878,0.0,2.9112,0.9682,1.0757,2.0556,2.4315,2.7561,138.9738
2026-07-01-09-41.mp4,640,360,37,540.0,0.0,60.309,5.6972,0.8789,8.5833,32.1253,59.6463,0.0,61.6589,26.7037,29.4054,30.7461,31.5062,50.9317,0.0,9.5408,3.0203,2.566,7.4557,8.2954,9.1766,0.0,38.2535,3.1315,0.8312,3.5811,11.5326,38.0644,138.2173
2026-07-01-09-51.mp4,640,360,37,540.0,0.0,61.7652,6.3513,2.5109,9.0136,29.6557,55.0368,0.0,56.9627,29.9139,44.2387,52.6224,56.7389,56.903,0.0,61.1007,12.9815,5.9154,52.4084,59.6205,60.6438,0.0,36.5914,3.2784,1.5977,4.8177,11.2158,30.3532,133.6008
2026-07-01-10-01.mp4,640,360,37,540.0,0.0,6.3134,0.8414,0.0,3.0267,4.2239,5.8648,0.0,25.934,7.3571,4.8841,19.678,22.0116,25.6962,0.0,5.9219,1.2109,0.0304,3.6358,4.026,5.2875,0.0,2.7389,0.3165,0.0,0.9791,1.3396,2.3606,114.0259
2026-07-01-10-11.mp4,640,360,37,540.0,0.0,42.7535,1.7487,0.0,1.9774,3.8391,28.9808,0.0,42.3728,2.6578,0.171,4.7416,6.0609,29.812,0.0,42.5122,2.0453,0.0,3.0758,4.7947,29.4802,0.0,21.2591,0.8724,0.0,1.0712,1.6467,14.2049,99.5511
2026-07-01-10-21.mp4,640,360,37,540.0,0.0,9.4119,0.3525,0.0,0.0278,0.9044,7.1272,0.0,40.1432,12.4817,2.4896,34.0418,38.3204,40.1027,0.0,7.6632,0.5109,0.0,0.0761,4.2939,7.5229,0.0,3.0866,0.1296,0.0,0.018,0.3857,2.5086,106.743
2026-07-01-10-31.mp4,640,360,37,540.0,0.0,2.8572,0.1494,0.0,0.0162,0.5568,2.7572,0.0,6.6884,0.9687,0.076,3.5384,5.0662,6.4073,0.0,0.0573,0.0027,0.0,0.0059,0.012,0.0414,0.0,1.5512,0.0824,0.0,0.0112,0.3088,1.5126,95.2384
2026-07-01-10-41.mp4,640,360,37,540.0,0.0,0.0417,0.0011,0.0,0.0,0.0,0.0267,0.0,3.3051,1.1079,0.4627,3.093,3.2386,3.3048,0.0,0.0547,0.007,0.0,0.0489,0.0533,0.0546,0.0,0.0347,0.0009,0.0,0.0,0.0,0.0222,93.4308
2026-07-01-10-51.mp4,640,360,37,540.0,0.0,0.1832,0.016,0.0,0.0479,0.1312,0.1777,0.0,0.5729,0.3377,0.4501,0.4556,0.4597,0.536,0.0,0.4401,0.0571,0.0,0.3314,0.4246,0.4384,0.0,0.0744,0.0074,0.0,0.023,0.071,0.0739,91.6703
2026-07-01-11-01.mp4,640,360,37,540.0,0.0,0.6584,0.0327,0.0,0.0468,0.1239,0.5219,0.0,1.0773,0.3996,0.0091,0.9993,1.0108,1.0582,0.0,0.6771,0.1409,0.0,0.6651,0.67,0.6768,0.0,0.1944,0.0142,0.0,0.0291,0.0733,0.1914,91.6573
2026-07-01-11-11.mp4,640,360,37,540.0,0.0,47.3724,3.1193,0.0343,6.8711,8.244,35.1207,0.0,54.8134,19.0293,0.0282,51.6022,52.2342,53.8865,0.0,48.1654,8.6306,0.0213,45.2573,46.6951,47.7184,0.0,21.5885,1.4724,0.0191,3.1731,3.2636,15.0142,93.8068
2026-07-01-11-21.mp4,640,360,37,540.0,0.0,7.5165,2.8514,3.0048,5.64,6.0315,7.2604,0.0,6.1749,3.1649,2.9379,4.9455,5.2169,5.8374,0.0,4.941,1.3699,0.5651,3.4133,3.9575,4.6065,0.0,3.9499,1.6049,1.5085,3.1929,3.9125,3.9413,95.0492
2026-07-01-11-31.mp4,640,360,37,540.0,0.0,10.9683,3.3563,3.0022,7.0926,7.9857,9.9733,0.0,9.421,6.4069,7.0694,8.9306,9.0209,9.3165,0.0,6.6944,2.3286,2.628,4.9768,6.1334,6.549,0.0,4.457,1.5163,1.4438,3.3218,3.9037,4.2782,94.4141
2026-07-01-11-41.mp4,640,360,37,540.0,0.0,46.1155,2.8737,0.0152,7.4446,10.515,35.5678,0.0,52.5955,37.2911,49.1098,52.5163,52.5859,52.5939,0.0,47.6415,7.3422,0.0069,43.7186,46.1021,47.3687,0.0,21.1953,1.1536,0.0109,2.989,4.1114,15.8629,93.7535
2026-07-01-11-51.mp4,640,360,37,540.0,0.0,0.3077,0.0115,0.0,0.0131,0.0231,0.2054,0.0,0.319,0.2678,0.2986,0.3142,0.3147,0.3175,0.0,0.023,0.0033,0.0,0.0138,0.0144,0.02,0.0,0.1795,0.0064,0.0,0.0072,0.0094,0.1185,91.8538
2026-07-01-12-01.mp4,640,360,37,540.0,0.0,0.1124,0.0117,0.0,0.0419,0.0638,0.1062,0.0,0.0959,0.006,0.0,0.0184,0.0269,0.0823,0.0,0.0187,0.0018,0.0,0.0035,0.0187,0.0187,0.0,0.0694,0.0062,0.0,0.0169,0.0305,0.0693,92.0484
2026-07-01-12-11.mp4,640,360,37,540.0,0.0,4.7444,0.2865,0.0,0.2647,2.1225,4.2169,0.0,3.8932,1.0489,1.2431,1.5508,1.6179,3.1551,0.0,3.8468,0.3228,0.0135,1.16,1.3215,3.113,0.0,2.1285,0.1282,0.0,0.163,0.9223,1.8427,92.4543
2026-07-01-12-21.mp4,640,360,37,540.0,0.0,0.036,0.0042,0.0,0.0205,0.0273,0.0329,0.0,0.0286,0.002,0.0,0.0038,0.0107,0.0277,0.0,0.0278,0.0017,0.0,0.0016,0.0104,0.0272,0.0,0.02,0.0024,0.0,0.0104,0.0185,0.0195,93.2822
2026-07-01-12-31.mp4,640,360,37,540.0,0.0,4.2847,0.1888,0.0,0.1581,0.6601,3.4286,0.0,3.803,0.9889,0.0043,3.7873,3.7908,3.7992,0.0,3.7005,0.5529,0.0013,3.2409,3.6531,3.6896,0.0,1.7229,0.0949,0.0,0.1362,0.4588,1.5102,92.5365
2026-07-01-12-41.mp4,640,360,37,540.0,0.0,0.9983,0.0536,0.0,0.0114,0.2108,0.9714,0.0,0.9197,0.0249,0.0,0.0,0.0,0.5886,0.0,0.9136,0.0247,0.0,0.0,0.0,0.5847,0.0,0.3453,0.0189,0.0,0.0078,0.0802,0.3341,93.3659
2026-07-01-12-51.mp4,640,360,37,540.0,0.0,0.0004,0.0,0.0,0.0,0.0,0.0003,0.0,0.0004,0.0,0.0,0.0,0.0,0.0003,0.0,0.0004,0.0,0.0,0.0,0.0,0.0003,0.0,0.0,0.0,0.0,0.0,0.0,0.0,94.0151
2026-07-01-13-01.mp4,640,360,37,540.0,0.0,0.2235,0.0159,0.0,0.0283,0.1196,0.2121,0.0,0.1879,0.0631,0.069,0.0718,0.0954,0.1645,0.0,0.0655,0.003,0.0,0.0,0.0116,0.0577,0.0,0.1224,0.01,0.0,0.0231,0.0877,0.1172,94.0627
2026-07-01-13-11.mp4,640,360,37,540.0,0.0,0.0,0.0,0.0,0.0,0.0,0.0,0.0,0.0,0.0,0.0,0.0,0.0,0.0,0.0,0.0,0.0,0.0,0.0,0.0,0.0,0.0,0.0,0.0,0.0,0.0,0.0,0.0,93.8824
2026-07-01-13-21.mp4,640,360,37,540.0,0.0,0.0113,0.0006,0.0,0.0002,0.0053,0.0092,0.0,0.0139,0.0005,0.0,0.0,0.0012,0.0111,0.0,0.0061,0.0002,0.0,0.0,0.0,0.0039,0.0,0.0041,0.0002,0.0,0.0,0.0014,0.0036,93.8684
2026-07-01-13-31.mp4,640,360,37,540.0,0.0,0.072,0.0059,0.0,0.0013,0.0717,0.072,0.0,0.0738,0.0351,0.0,0.0729,0.073,0.0737,0.0,0.0729,0.0115,0.0,0.0714,0.0719,0.0729,0.0,0.0603,0.0049,0.0,0.0,0.06,0.0603,94.1762
2026-07-01-13-41.mp4,640,360,37,540.0,0.0,0.0712,0.0023,0.0,0.0,0.0061,0.0478,0.0,0.0716,0.0194,0.0,0.0712,0.0716,0.0716,0.0,0.0716,0.0114,0.0,0.0709,0.0712,0.0715,0.0,0.0595,0.0017,0.0,0.0,0.0024,0.0389,94.2892
2026-07-01-13-51.mp4,640,360,37,540.0,0.0,0.0,0.0,0.0,0.0,0.0,0.0,0.0,0.0,0.0,0.0,0.0,0.0,0.0,0.0,0.0,0.0,0.0,0.0,0.0,0.0,0.0,0.0,0.0,0.0,0.0,0.0,0.0,94.0905
2026-07-01-14-01.mp4,640,360,37,540.0,0.0,0.0703,0.0067,0.0,0.0078,0.0695,0.0702,0.0,0.0777,0.0604,0.0694,0.0738,0.0752,0.0776,0.0,0.128,0.0181,0.0,0.1171,0.1266,0.1279,0.0,0.059,0.0053,0.0,0.0041,0.0583,0.0589,93.9681
2026-07-01-14-11.mp4,640,360,37,540.0,0.0,0.0043,0.0002,0.0,0.0,0.0008,0.0042,0.0,0.0039,0.0002,0.0,0.0004,0.0005,0.0028,0.0,0.0039,0.0001,0.0,0.0,0.0,0.0025,0.0,0.0004,0.0,0.0,0.0,0.0001,0.0004,93.7135
2026-07-01-14-21.mp4,640,360,37,540.0,0.0,0.0,0.0,0.0,0.0,0.0,0.0,0.0,0.0,0.0,0.0,0.0,0.0,0.0,0.0,0.0,0.0,0.0,0.0,0.0,0.0,0.0,0.0,0.0,0.0,0.0,0.0,0.0,93.6868
2026-07-01-14-31.mp4,640,360,37,540.0,0.0,0.0148,0.001,0.0,0.0022,0.0066,0.0126,0.0,0.0082,0.0004,0.0,0.0,0.0011,0.0073,0.0,0.0087,0.0004,0.0,0.0,0.0011,0.0076,0.0,0.0063,0.0005,0.0,0.0011,0.0035,0.006,93.72
2026-07-01-14-41.mp4,640,360,37,540.0,0.0,0.0078,0.0006,0.0,0.0,0.0075,0.0078,0.0,0.0078,0.0023,0.0,0.0078,0.0078,0.0078,0.0,0.0078,0.0011,0.0,0.0069,0.0075,0.0078,0.0,0.0041,0.0003,0.0,0.0,0.0039,0.0041,93.9814
2026-07-01-14-51.mp4,640,360,37,540.0,0.0,0.0178,0.0013,0.0,0.0022,0.0094,0.0177,0.0,0.0143,0.0076,0.0078,0.0137,0.0139,0.0142,0.0,0.01,0.002,0.0,0.0074,0.0078,0.0092,0.0,0.0048,0.0004,0.0,0.0013,0.0039,0.0045,94.1168
2026-07-01-15-01.mp4,640,360,37,540.0,0.0,0.839,0.0454,0.0,0.0046,0.1706,0.8334,0.0,0.8212,0.0266,0.0065,0.0125,0.0135,0.5304,0.0,0.8212,0.0244,0.0,0.0094,0.0128,0.5304,0.0,0.5286,0.0285,0.0,0.0022,0.1064,0.5238,94.1746
2026-07-01-15-11.mp4,640,360,37,540.0,0.0,0.0,0.0,0.0,0.0,0.0,0.0,0.0,0.0,0.0,0.0,0.0,0.0,0.0,0.0,0.0,0.0,0.0,0.0,0.0,0.0,0.0,0.0,0.0,0.0,0.0,0.0,0.0,94.3457
2026-07-01-15-21.mp4,640,360,37,540.0,0.0,0.8954,0.0483,0.0,0.0023,0.1807,0.8896,0.0,0.8728,0.0253,0.0,0.0061,0.0069,0.5611,0.0,0.8672,0.0241,0.0,0.0053,0.007,0.5577,0.0,0.5566,0.0302,0.0,0.0008,0.1139,0.5565,94.3516
2026-07-01-15-31.mp4,640,360,37,540.0,0.0,0.8516,0.0457,0.0,0.0033,0.1716,0.8414,0.0,0.8264,0.0226,0.0,0.0,0.0017,0.532,0.0,0.8203,0.0224,0.0,0.0,0.0017,0.5281,0.0,0.4219,0.0228,0.0,0.0016,0.0862,0.4193,93.7449
2026-07-01-15-41.mp4,640,360,37,540.0,0.0,0.0,0.0,0.0,0.0,0.0,0.0,0.0,0.0,0.0,0.0,0.0,0.0,0.0,0.0,0.0,0.0,0.0,0.0,0.0,0.0,0.0,0.0,0.0,0.0,0.0,0.0,0.0,93.6773
2026-07-01-15-51.mp4,640,360,37,540.0,0.0,0.0,0.0,0.0,0.0,0.0,0.0,0.0,0.0,0.0,0.0,0.0,0.0,0.0,0.0,0.0,0.0,0.0,0.0,0.0,0.0,0.0,0.0,0.0,0.0,0.0,0.0,0.0,93.5078
2026-07-01-16-01.mp4,640,360,37,540.0,0.0,0.0,0.0,0.0,0.0,0.0,0.0,0.0,0.0,0.0,0.0,0.0,0.0,0.0,0.0,0.0,0.0,0.0,0.0,0.0,0.0,0.0,0.0,0.0,0.0,0.0,0.0,0.0,93.3651
2026-07-01-16-11.mp4,640,360,37,540.0,0.0,0.0,0.0,0.0,0.0,0.0,0.0,0.0,0.0,0.0,0.0,0.0,0.0,0.0,0.0,0.0,0.0,0.0,0.0,0.0,0.0,0.0,0.0,0.0,0.0,0.0,0.0,0.0,93.3914
2026-07-01-16-21.mp4,640,360,37,540.0,0.0,42.5773,2.462,0.0161,5.3821,6.7408,30.366,0.0,44.4627,27.9205,40.4896,43.007,43.4268,44.1499,0.0,43.3468,7.4308,1.5942,40.5959,42.813,43.1871,0.0,11.5197,1.0924,0.0104,3.0131,4.0384,9.1786,94.2473
2026-07-01-16-31.mp4,640,360,37,540.0,0.0,9.7791,2.6559,1.9614,6.5906,7.7759,9.1252,0.0,12.3859,8.0837,9.5417,11.9365,12.1036,12.3103,0.0,11.1667,3.2666,2.8759,8.4776,9.048,10.4881,0.0,3.8739,1.1736,0.949,2.5368,3.3261,3.7806,93.6724
2026-07-01-16-41.mp4,640,360,37,540.0,0.0,8.1011,2.3884,1.8611,6.81,7.7749,8.0852,0.0,12.6853,7.3079,8.3563,10.7875,10.9487,12.0775,0.0,12.395,2.9457,2.4722,7.6689,7.9787,10.8187,0.0,5.5102,1.2563,0.5623,3.103,3.4903,4.8065,94.8551
2026-07-01-16-51.mp4,640,360,37,540.0,0.0,46.6042,4.456,0.0273,8.0776,33.9341,46.1156,0.0,45.7491,16.7076,0.0716,45.0885,45.7221,45.7486,0.0,46.1975,8.1729,0.003,43.1326,45.6439,46.1234,0.0,15.6463,1.5637,0.0165,3.3024,5.8158,15.5661,92.4195
2026-07-01-17-01.mp4,640,360,37,540.0,0.0,7.5464,1.9058,1.1385,4.4469,5.489,6.955,0.0,15.0434,7.6319,7.6137,14.1233,14.3258,14.8742,0.0,6.7812,2.0428,1.2878,4.9709,5.677,6.4411,0.0,3.0035,1.2037,0.9755,2.7889,2.8312,2.9773,92.9524
2026-07-01-17-11.mp4,640,360,37,540.0,0.0,44.7131,4.2304,0.1254,9.6636,23.3317,42.6486,0.0,42.4527,8.6312,5.2834,20.7417,34.6621,40.1358,0.0,43.227,4.9807,0.0039,18.9782,34.4178,40.1998,0.0,23.1267,1.8845,0.0744,3.6106,6.1247,20.4039,94.413
2026-07-01-17-21.mp4,640,360,37,540.0,0.0,5.9757,1.0306,0.0256,3.8035,4.6606,5.5729,0.0,12.8247,7.6601,8.2852,10.1236,11.1528,12.2866,0.0,8.2865,0.8441,0.0642,2.9447,3.3363,6.8837,0.0,1.911,0.4842,0.0041,1.4487,1.6063,1.9081,98.1184
2026-07-01-17-31.mp4,640,360,37,540.0,0.0,6.0117,1.0815,0.1081,2.7566,3.8679,5.9978,0.0,10.1519,3.2409,1.7153,8.3216,8.523,9.6261,0.0,8.1949,1.3741,0.0508,5.1428,6.6713,7.7336,0.0,1.5297,0.5149,0.0749,1.4998,1.5131,1.527,97.243
2026-07-01-17-41.mp4,640,360,37,540.0,0.0,41.9826,4.9442,2.3819,8.1663,17.8404,40.714,0.0,39.023,15.0592,9.6584,31.251,32.2505,36.8707,0.0,40.8351,7.8395,4.9648,26.7641,29.6578,36.8729,0.0,21.4245,2.2622,0.9475,3.3952,7.6883,21.3734,95.5889
2026-07-01-17-51.mp4,640,360,37,540.0,0.0,8.4566,3.56,3.7114,6.9049,7.9343,8.3583,0.0,17.6849,11.1145,13.7791,17.0678,17.2047,17.5243,0.0,7.5603,3.9349,4.5156,6.8381,7.2182,7.4431,0.0,5.4488,1.8296,2.1191,3.5473,4.3888,5.3555,93.1876
2026-07-01-18-01.mp4,640,360,37,540.0,0.0,34.5256,3.9637,0.5156,8.2806,14.9842,33.8561,0.0,38.0569,16.7325,10.5972,37.7854,37.9479,38.0208,0.0,36.895,7.4687,1.3941,33.9788,36.3918,36.8323,0.0,11.5597,1.3266,0.2489,3.2344,4.7404,9.7024,93.857
2026-07-01-18-11.mp4,640,360,37,540.0,0.0,39.977,3.9577,0.0,6.5232,25.0377,37.3051,0.0,40.9887,20.3442,32.908,37.0664,37.3968,39.7113,0.0,40.7717,7.3882,1.3086,33.7629,36.4388,39.3195,0.0,17.1595,1.2712,0.0,2.4873,3.1295,12.9177,91.2419
2026-07-01-18-21.mp4,640,360,37,540.0,0.0,7.5725,3.1303,3.0226,5.6868,6.167,7.1064,0.0,13.4392,7.454,8.8867,12.4254,12.8162,13.3965,0.0,9.2578,3.5102,3.5109,7.0123,7.703,8.9392,0.0,2.553,1.3605,1.2839,2.376,2.4524,2.5455,88.43
2026-07-01-18-31.mp4,640,360,37,540.0,0.0,10.0929,2.7467,1.6593,7.7433,8.4206,9.6073,0.0,8.7513,5.8608,7.5599,8.1843,8.4167,8.7454,0.0,8.9184,2.4678,1.3316,7.777,8.5444,8.8403,0.0,2.2255,0.8287,0.7669,1.7667,1.9779,2.1373,88.8978
2026-07-01-18-41.mp4,640,360,37,540.0,0.0,53.1589,5.7968,2.3073,6.9008,41.185,52.1759,0.0,47.9922,22.5939,28.5,30.3205,32.0663,44.4731,0.0,48.0386,6.8049,3.5161,23.793,28.293,41.0116,0.0,32.3407,2.4809,0.6842,2.5929,15.4936,27.1718,90.1584
2026-07-01-18-51.mp4,640,360,37,540.0,0.0,6.1359,2.3693,2.1944,4.0602,4.3967,5.9036,0.0,14.7157,8.5344,9.3911,14.0295,14.4337,14.6237,0.0,7.1758,2.3889,2.1011,4.8336,5.353,6.8867,0.0,2.9184,0.9482,1.0328,1.5655,1.8067,2.6136,90.4314
2026-07-01-19-01.mp4,640,360,37,540.0,0.0,35.3854,3.9428,2.9462,4.563,10.2544,33.204,0.0,38.7539,7.2882,4.1502,15.7706,38.5385,38.7,0.0,33.8216,5.4223,1.7569,15.496,32.6085,33.4968,0.0,7.5304,1.2579,1.0645,2.1147,2.911,6.542,91.7462
2026-07-01-19-11.mp4,640,360,37,540.0,0.0,8.23,2.7982,2.7708,5.8583,7.131,7.8723,0.0,13.6545,8.2479,8.645,13.1384,13.4667,13.5884,0.0,6.4753,2.2629,2.3477,5.5695,5.9595,6.3012,0.0,3.6322,1.2557,1.4651,2.8756,3.1651,3.539,98.0959
2026-07-01-19-21.mp4,640,360,37,540.0,0.0,49.0178,1.7603,0.0,0.9133,6.5648,33.9231,0.0,49.1697,39.223,47.8607,48.985,49.0481,49.1421,0.0,47.0308,2.8381,0.0017,0.3372,18.4735,45.5233,0.0,16.9985,0.6521,0.0,0.3626,3.0303,11.9839,94.8786
2026-07-01-19-31.mp4,640,360,37,540.0,0.0,41.862,3.1939,0.3021,5.7807,17.5103,35.3015,0.0,44.7726,25.3523,38.5586,42.0937,42.6004,44.6626,0.0,44.2956,8.3734,0.4375,40.7135,42.059,44.2836,0.0,16.1248,1.0584,0.2051,2.2645,2.2922,11.1555,95.7386
2026-07-01-19-41.mp4,640,360,37,540.0,0.0,9.4175,3.0997,2.1905,6.4196,7.3259,8.9838,0.0,17.8941,9.8359,12.1576,16.0818,16.9653,17.8141,0.0,9.9848,3.5426,4.1289,6.7705,7.9133,9.4442,0.0,4.1691,1.5757,1.2912,3.0516,3.3023,3.8883,95.6619
2026-07-01-19-51.mp4,640,360,37,540.0,0.0,46.9444,4.95,1.7522,8.4886,16.5162,45.5718,0.0,37.582,19.225,28.4796,30.1585,30.7466,35.1226,0.0,39.1784,6.8189,4.2018,25.5926,27.9224,35.8483,0.0,20.7834,2.2734,1.0762,3.3661,7.6122,20.5561,94.7746
2026-07-01-20-01.mp4,640,360,37,540.0,0.0,52.2938,5.9855,3.2261,9.8689,20.7614,48.8043,0.0,44.6732,13.8293,11.5195,26.449,27.7707,38.8093,0.0,48.4236,6.6642,4.1923,19.8383,24.057,40.1356,0.0,22.5269,2.6328,1.8971,3.5721,6.8742,21.0739,93.413
2026-07-01-20-11.mp4,640,360,37,540.0,0.0,8.4015,2.658,2.5269,6.2088,6.881,8.0421,0.0,14.9093,6.3197,6.8676,14.1718,14.3134,14.8624,0.0,8.0577,2.5276,2.0247,5.9905,7.211,7.813,0.0,3.7467,1.2911,1.4455,2.3975,2.7005,3.604,91.4965
2026-07-01-20-21.mp4,640,360,37,540.0,0.0,46.9839,3.6931,0.7986,5.1913,14.2089,44.67,0.0,38.997,23.9518,29.4939,31.4644,32.2228,36.7267,0.0,31.9579,4.7145,1.592,12.9183,29.8736,31.4099,0.0,21.1382,1.5992,0.316,2.9185,5.8522,18.088,96.9208
2026-07-01-20-31.mp4,640,360,37,540.0,0.0,47.503,3.8766,0.526,4.8613,15.4078,46.7966,0.0,46.7166,12.2118,3.8021,33.0902,33.5972,42.6586,0.0,46.0122,6.9898,2.5859,29.9272,30.9734,40.7363,0.0,19.7478,1.6236,0.3898,2.7586,7.4419,19.4389,97.9762
2026-07-01-20-41.mp4,640,360,37,540.0,0.0,9.5269,2.8238,2.3342,6.9255,7.7794,8.9827,0.0,16.5668,8.8942,11.7852,14.8518,15.5604,16.4734,0.0,8.2049,2.7285,2.9188,5.7126,6.4729,7.5861,0.0,4.8694,1.5507,1.6085,3.1559,4.1117,4.7571,95.173
2026-07-01-20-51.mp4,640,360,37,540.0,0.0,51.8008,5.0807,1.5916,8.6067,18.4113,50.8991,0.0,49.52,15.7303,9.5365,28.7875,29.2869,42.4505,0.0,51.02,7.3276,4.602,25.4724,26.6999,42.4014,0.0,23.3943,2.3764,1.1849,3.5879,7.9764,22.6945,95.6773
2026-07-01-21-01.mp4,640,360,37,540.0,0.0,8.5864,1.7234,0.303,4.6114,5.6387,7.7487,0.0,11.1667,5.9079,7.5877,10.191,10.6733,11.1117,0.0,6.1367,2.0703,1.4141,4.9649,5.5895,6.008,0.0,4.5137,0.9338,0.1528,2.4261,2.4787,3.8195,96.2797
2026-07-01-21-11.mp4,640,360,37,540.0,0.0,47.7778,5.2218,2.7908,7.1015,14.8594,46.264,0.0,45.6801,17.2057,25.5877,28.1849,29.9185,40.2935,0.0,46.5295,6.5429,2.7765,24.7009,25.7109,39.1092,0.0,22.4783,2.6782,1.6641,3.5863,7.3638,22.1365,94.2116
2026-07-01-21-21.mp4,640,360,37,540.0,0.0,42.6463,4.0582,3.0712,5.8382,6.9975,30.2053,0.0,42.9918,11.4708,7.0404,42.8584,42.9304,42.9876,0.0,41.9023,7.3603,2.6606,37.4911,39.9102,41.4084,0.0,20.3153,2.0589,1.6825,3.0797,3.3453,14.2309,92.8476
2026-07-01-21-31.mp4,640,360,37,540.0,0.0,45.2826,4.6739,3.5764,8.447,9.7637,33.1155,0.0,47.8524,35.9628,44.0078,46.3111,46.6238,47.4977,0.0,44.9349,5.348,3.3346,8.1598,21.6005,43.6004,0.0,15.5054,2.272,2.2405,4.4937,4.639,11.6602,96.5081
2026-07-01-21-41.mp4,640,360,37,540.0,0.0,37.0113,5.3062,2.553,13.7221,23.8404,36.3488,0.0,42.5851,8.3006,5.0725,14.8348,23.3559,40.5776,0.0,43.0122,4.785,0.7049,9.0768,23.0685,40.1111,0.0,10.5575,1.9547,1.2906,4.2749,7.1097,9.8233,99.6168
2026-07-01-21-51.mp4,640,360,37,540.0,0.0,9.8633,3.537,3.5903,6.3546,7.56,9.0961,0.0,11.6671,6.6699,8.1849,11.0528,11.209,11.5388,0.0,7.4614,3.0926,3.4301,5.7497,6.5019,7.3619,0.0,3.7166,1.756,1.9685,2.9503,3.1872,3.6749,100.0949
2026-07-01-22-01.mp4,640,360,37,540.0,0.0,33.5378,2.6485,0.2661,5.3106,9.0478,28.4164,0.0,42.8911,30.6763,34.4657,41.6922,42.4665,42.8194,0.0,26.3368,2.2802,0.5599,4.278,5.1194,19.6254,0.0,14.0184,1.2462,0.2333,3.3056,4.5578,11.2005,121.0414
2026-07-01-22-11.mp4,640,360,37,540.0,0.0,60.8003,6.6343,2.4748,11.2091,26.5048,58.5584,0.0,57.2539,34.1045,42.2873,45.4775,48.1414,56.1495,0.0,54.1918,8.3284,1.8138,35.6564,40.6955,49.5721,0.0,39.6623,3.8921,1.9855,4.3234,14.524,38.8721,117.7957
2026-07-01-22-21.mp4,640,360,37,540.0,0.0,8.747,3.3365,3.1432,6.7722,8.6067,8.7009,0.0,18.9414,11.1339,10.7956,17.1138,17.3918,18.3878,0.0,10.8155,3.0333,2.3073,6.8955,8.7389,10.2202,0.0,4.5638,1.6108,1.7339,3.2575,3.4667,4.2705,116.2141
2026-07-01-22-31.mp4,640,360,37,540.0,0.0,37.0955,4.6885,2.9162,7.6649,13.5016,36.2302,0.0,45.5872,14.2168,6.0586,43.6188,44.6469,45.3577,0.0,38.7943,8.2765,3.0122,35.3762,38.0775,38.7591,0.0,11.1159,2.0124,1.9227,4.2487,4.5249,8.7525,129.9376
2026-07-01-22-41.mp4,640,360,37,540.0,0.0,7.5868,2.6843,2.5434,4.9983,6.815,7.5032,0.0,12.5911,6.5641,7.2795,11.12,11.7752,12.3718,0.0,7.0213,2.7749,2.9145,5.8991,6.089,6.8119,0.0,3.5011,1.3004,1.2676,2.6105,3.1166,3.3979,141.6727
2026-07-01-22-51.mp4,640,360,37,540.0,0.0,33.0729,4.3557,2.9245,8.7698,12.5163,27.524,0.0,14.7934,10.7493,12.1727,13.9403,14.4021,14.7196,0.0,11.3147,3.2897,2.8694,8.8987,9.4367,10.9062,0.0,10.5449,1.7051,1.0252,4.0565,4.7224,9.0059,138.6203
2026-07-01-23-01.mp4,640,360,37,540.0,0.0,23.9297,4.3012,3.0252,9.2414,11.5193,19.978,0.0,22.99,13.6149,16.1497,22.7557,22.903,22.9696,0.0,18.5677,5.6288,5.1189,14.6197,17.0101,18.2421,0.0,5.1382,1.811,1.2613,4.4684,4.9728,5.1222,138.4349
2026-07-01-23-11.mp4,640,360,37,540.0,0.0,52.8164,6.1712,3.4149,6.6192,35.4932,46.7358,0.0,42.8915,16.4904,16.0382,40.4169,42.4623,42.7677,0.0,43.1432,9.92,6.0451,37.5874,42.061,42.8071,0.0,35.3806,2.6422,1.253,4.4114,7.7829,25.5762,138.3149
2026-07-01-23-21.mp4,640,360,37,540.0,0.0,8.2678,3.2128,3.0603,6.8563,7.1055,8.02,0.0,14.0508,8.7448,9.1185,12.1771,12.4577,13.522,0.0,15.4961,2.8725,0.1068,10.2732,13.761,15.4666,0.0,4.0095,1.2212,1.2917,2.2416,2.3005,3.4464,133.8959
2026-07-01-23-31.mp4,640,360,37,540.0,0.0,10.3715,2.7219,2.1966,6.9254,8.1508,10.2918,0.0,14.9154,7.0094,8.1862,12.9176,14.1278,14.7227,0.0,9.8954,3.1506,1.059,7.9027,8.8364,9.8498,0.0,2.8025,0.9476,0.9238,2.2684,2.5024,2.7957,136.3935
2026-07-01-23-41.mp4,640,360,37,540.0,0.0,50.5495,3.8356,0.7969,5.9297,12.2779,45.0676,0.0,52.276,32.5694,50.0716,51.7558,52.1445,52.2479,0.0,54.0347,9.1258,0.8173,46.8274,53.8,53.9691,0.0,27.9462,1.605,0.4831,2.3113,3.8245,21.0939,140.3186
2026-07-01-23-51.mp4,640,360,37,540.0,0.0,50.5117,2.4172,0.0751,4.9031,6.0155,34.9067,0.0,50.2135,23.8813,3.3546,48.7261,48.7971,49.7434,0.0,48.5009,7.4341,0.2765,44.5826,47.4274,48.3554,0.0,25.3791,1.0036,0.0386,0.9576,1.512,16.9404,139.9132
2026-07-02-00-01.mp4,640,360,37,540.0,0.0,46.8286,1.4563,0.0013,0.201,2.3979,31.5577,0.0,40.1918,6.3894,0.0838,19.5824,40.062,40.1706,0.0,46.1853,5.8634,0.0013,21.9069,46.0924,46.1748,0.0,28.1285,0.8057,0.0,0.0817,0.5581,18.323,136.3049
2026-07-02-00-11.mp4,640,360,37,540.0,0.0,8.2179,2.8092,2.6471,6.4497,6.9146,8.0532,0.0,12.5781,8.139,8.1736,12.1576,12.5098,12.5683,0.0,9.6693,3.2636,3.0569,6.5811,8.0884,9.2087,0.0,4.0213,1.4366,1.3019,3.3849,3.6387,3.9627,138.7586
2026-07-02-00-21.mp4,640,360,37,540.0,0.0,50.8928,2.3096,0.0412,5.4778,7.8022,35.8536,0.0,52.7648,43.1751,47.622,52.4557,52.5479,52.6957,0.0,14.3503,1.1967,0.026,3.984,5.5658,11.3095,0.0,22.7174,0.9926,0.0154,2.5272,3.3782,15.7861,136.5314
2026-07-02-00-31.mp4,640,360,37,540.0,0.0,45.2843,1.9958,0.0816,3.6328,5.1095,31.5484,0.0,44.6345,17.1522,0.2804,43.0271,43.8597,44.5705,0.0,44.7023,7.5405,0.0964,43.4278,43.9192,44.5396,0.0,18.7561,0.8011,0.02,1.3357,1.5296,12.5987,136.9897
2026-07-02-00-41.mp4,640,360,37,540.0,0.0,45.161,3.5578,2.2296,5.872,6.46,31.4716,0.0,39.7778,9.9052,11.3559,13.8506,19.7062,39.577,0.0,46.0451,5.4531,3.3702,8.3588,16.4323,45.182,0.0,13.1814,1.3965,1.1005,2.6066,2.9937,9.7098,140.22
2026-07-02-00-51.mp4,640,360,37,540.0,0.0,7.1437,0.2369,0.0082,0.178,0.2911,4.699,0.0,7.6749,4.7754,7.2652,7.4114,7.4322,7.5916,0.0,7.4761,1.0778,0.0234,6.6413,7.0231,7.3388,0.0,2.6102,0.0837,0.0015,0.0586,0.0951,1.706,136.8481
2026-07-02-01-01.mp4,640,360,37,540.0,0.0,38.5525,2.3042,0.0143,4.3386,6.7426,30.1602,0.0,38.0412,19.327,34.6098,36.1972,36.8928,37.729,0.0,38.207,6.4566,0.9961,35.5272,36.9471,37.9166,0.0,9.3869,0.7212,0.0093,1.8493,2.2175,7.2481,136.5654
2026-07-02-01-11.mp4,640,360,37,540.0,0.0,4.3273,0.8906,0.0924,2.2971,2.7258,3.8809,0.0,5.3446,1.5731,1.4076,3.3868,4.7978,5.161,0.0,2.5139,0.587,0.0052,1.9313,2.0595,2.3922,0.0,1.5059,0.3745,0.0753,0.9427,1.1568,1.4347,139.9976
2026-07-02-01-21.mp4,640,360,37,540.0,0.0,5.9575,1.0248,0.0308,3.4026,4.4183,5.7489,0.0,3.2556,0.9839,0.4353,2.5997,2.7874,3.0959,0.0,2.033,0.3454,0.0004,1.7149,1.7722,1.9799,0.0,2.434,0.4933,0.0197,1.8262,2.084,2.422,138.5949
2026-07-02-01-31.mp4,640,360,37,540.0,0.0,42.661,5.8205,2.3472,13.2999,34.8641,40.1083,0.0,43.7101,26.806,36.5365,40.7495,41.5578,43.6354,0.0,43.7118,8.8621,3.1137,33.8465,40.3132,43.6243,0.0,17.4883,1.6985,0.9464,2.298,6.9702,13.751,139.9605
2026-07-02-01-41.mp4,640,360,37,540.0,0.0,6.8121,2.7226,2.0495,5.0569,6.1823,6.7079,0.0,10.3637,6.0087,7.4844,10.1161,10.2212,10.324,0.0,6.342,2.3479,1.9501,5.4556,5.6635,6.1512,0.0,2.7574,0.9772,0.8192,1.9212,2.5784,2.7105,138.6859
2026-07-02-01-51.mp4,640,360,37,540.0,0.0,44.6441,5.4862,3.1753,7.2795,13.7558,39.6765,0.0,37.5087,11.0132,5.3633,36.2279,37.0493,37.3893,0.0,35.819,7.5311,2.8043,29.8277,32.049,35.1973,0.0,8.3687,1.5153,1.0471,2.5219,4.1399,8.2772,140.0597
2026-07-02-02-01.mp4,640,360,37,540.0,0.0,4.1011,1.0317,0.7665,2.3922,3.2825,3.9275,0.0,7.5469,3.6587,4.2283,6.8595,7.0635,7.5244,0.0,2.8034,1.109,1.178,2.4741,2.6752,2.7751,0.0,1.9327,0.4792,0.3021,1.4011,1.591,1.8109,143.7465
2026-07-02-02-11.mp4,640,360,37,540.0,0.0,5.8533,0.9673,0.0,3.0469,4.6539,5.5244,0.0,9.0911,6.9547,7.737,8.8567,8.9191,9.0689,0.0,5.2166,0.3193,0.0091,1.0462,1.5294,3.9872,0.0,1.7396,0.3876,0.0,1.4379,1.5764,1.7374,143.5203
2026-07-02-02-21.mp4,640,360,37,540.0,0.0,7.4284,2.1555,1.6892,4.8035,5.8565,7.1053,0.0,10.4449,3.2988,2.6454,7.8187,9.5743,10.1816,0.0,8.2257,2.0739,1.648,5.4628,6.8177,7.7763,0.0,3.4952,0.9886,0.9154,1.6099,2.431,3.2504,143.6424
2026-07-02-02-31.mp4,640,360,37,540.0,0.0,38.7752,2.8428,1.9371,4.2709,4.6868,26.5099,0.0,10.1172,5.709,6.2248,8.0554,9.0134,9.8692,0.0,5.6207,1.6448,1.194,3.9645,4.4383,5.3143,0.0,15.2895,1.0725,0.5781,1.7452,2.2016,10.8688,141.077
2026-07-02-02-41.mp4,640,360,37,540.0,0.0,45.1389,1.7623,0.0152,2.1085,3.9495,31.313,0.0,43.6931,29.992,40.9149,42.4497,42.5547,43.299,0.0,43.0968,5.7999,0.0668,37.3874,39.7467,42.1298,0.0,18.0174,0.7059,0.0043,0.5617,2.5046,12.4856,137.2086
2026-07-02-02-51.mp4,640,360,37,540.0,0.0,40.4744,1.7156,0.0043,2.9739,3.5243,27.3111,0.0,45.5725,19.1078,0.0082,42.7736,43.3784,45.0294,0.0,42.7752,7.273,0.0087,40.9582,41.3411,42.3165,0.0,21.6484,1.029,0.0009,2.2414,2.6255,15.187,135.51
2026-07-02-03-01.mp4,640,360,37,540.0,0.0,41.6172,3.3415,0.7678,6.9026,8.3307,29.6589,0.0,39.3668,9.303,9.6879,12.5157,18.3951,39.2898,0.0,41.2526,4.6311,1.4049,9.732,18.6051,41.1145,0.0,20.1395,1.8131,0.7274,3.4451,3.8756,14.443,135.4827
2026-07-02-03-11.mp4,640,360,37,540.0,0.0,41.3008,1.225,0.0165,0.2544,0.7772,27.2597,0.0,39.3355,2.2696,0.0686,2.7292,2.8285,26.2616,0.0,43.8299,1.5541,0.02,2.2225,2.237,28.8658,0.0,16.1157,0.4857,0.0059,0.1563,0.4522,10.6301,133.9159
2026-07-02-03-21.mp4,640,360,37,540.0,0.0,5.8641,1.6522,1.6675,3.4,4.3302,5.8418,0.0,7.4753,3.1627,3.1506,6.534,7.0125,7.3336,0.0,3.1484,1.1642,1.0755,2.9802,3.0408,3.124,0.0,2.3537,0.9651,1.0013,2.1049,2.2028,2.3064,140.1343
2026-07-02-03-31.mp4,640,360,37,540.0,0.0,4.7174,1.1429,0.908,2.8236,3.1754,4.241,0.0,6.0573,2.1744,2.0968,4.814,5.0663,5.9054,0.0,3.9883,1.1897,1.2891,2.5999,2.7049,3.6283,0.0,2.7452,0.7676,0.6259,1.7992,1.9488,2.4679,140.6454
2026-07-02-03-41.mp4,640,360,37,540.0,0.0,37.8581,2.4663,1.3073,3.4292,4.8656,26.8598,0.0,39.8229,9.844,1.8433,39.4375,39.5927,39.786,0.0,39.0647,6.3904,1.5981,35.5267,37.7774,38.822,0.0,16.1884,1.349,0.6816,2.1786,2.6431,11.575,139.0868
2026-07-02-03-51.mp4,640,360,37,540.0,0.0,0.2057,0.039,0.0265,0.0951,0.1087,0.1848,0.0,0.5742,0.2449,0.1949,0.5165,0.5447,0.5673,0.0,0.2214,0.0471,0.0299,0.1328,0.1445,0.1956,0.0,0.0336,0.0089,0.0048,0.0265,0.0326,0.0333,133.6922
2026-07-02-04-01.mp4,640,360,37,540.0,0.0,0.3086,0.0294,0.01,0.0373,0.1067,0.3045,0.0,0.7036,0.1522,0.1233,0.2311,0.6107,0.6951,0.0,0.4787,0.0527,0.0178,0.0494,0.4526,0.4723,0.0,0.0833,0.0088,0.0024,0.0195,0.0305,0.0739,132.8368
2026-07-02-04-11.mp4,640,360,37,540.0,0.0,8.9141,0.4304,0.0213,0.5888,1.6777,7.028,0.0,8.8082,3.8306,0.1606,8.7811,8.785,8.8015,0.0,8.6228,1.4967,0.0486,8.2538,8.561,8.6034,0.0,2.7012,0.1171,0.0039,0.1144,0.5319,1.9544,132.4551
2026-07-02-04-21.mp4,640,360,37,540.0,0.0,0.7734,0.098,0.0078,0.3518,0.5137,0.7378,0.0,2.2656,1.0582,1.3394,1.9991,2.1378,2.2306,0.0,0.9588,0.1664,0.0126,0.605,0.8527,0.9535,0.0,0.268,0.0286,0.0026,0.121,0.1687,0.2375,130.2249
2026-07-02-04-31.mp4,640,360,37,540.0,0.0,0.6723,0.0747,0.013,0.2033,0.4595,0.6042,0.0,0.8546,0.277,0.2669,0.5484,0.5946,0.7979,0.0,1.6419,0.1443,0.0065,0.5054,0.8073,1.6239,0.0,0.2066,0.0197,0.0017,0.0328,0.1591,0.2055,129.5138
2026-07-02-04-41.mp4,640,360,37,540.0,0.0,1.2027,0.0593,0.0091,0.0966,0.1619,0.838,0.0,1.3754,0.3278,0.3216,0.654,0.7298,1.2188,0.0,0.6523,0.0784,0.036,0.1737,0.2071,0.4933,0.0,0.3069,0.0161,0.0026,0.0203,0.0714,0.2243,127.4814
2026-07-02-04-51.mp4,640,360,37,540.0,0.0,56.8459,2.115,0.0508,2.7314,4.1273,38.07,0.0,60.0742,17.5285,0.1819,58.1347,59.5535,59.9377,0.0,56.8559,8.7662,0.1337,55.3368,56.2325,56.7406,0.0,29.3149,1.0605,0.0241,1.3747,1.9493,19.7266,132.2208
2026-07-02-05-01.mp4,640,360,37,540.0,0.0,58.8164,4.1173,0.6424,5.5448,13.1836,51.9048,0.0,60.4466,27.4384,5.4319,58.7616,59.3005,60.1185,0.0,58.0109,9.7151,0.615,51.9063,57.1786,57.9359,0.0,40.2109,2.0678,0.3641,2.0554,4.6712,30.7326,134.1854
2026-07-02-05-11.mp4,640,360,37,540.0,0.0,5.0829,0.4089,0.0473,1.069,2.8822,4.4016,0.0,3.4518,2.7286,3.1306,3.2409,3.2934,3.4329,0.0,3.2405,0.4892,0.0768,2.5632,3.1205,3.237,0.0,1.2758,0.107,0.0137,0.313,0.7192,1.0811,128.647
2026-07-02-05-21.mp4,640,360,37,540.0,0.0,3.3976,0.7415,0.1224,2.6709,2.8732,3.3187,0.0,6.0139,3.58,4.2352,5.8489,5.9379,6.0053,0.0,3.7444,1.1334,0.7192,2.7709,2.8587,3.4345,0.0,2.1411,0.3629,0.0293,1.4233,1.6936,2.1287,127.0992
2026-07-02-05-31.mp4,640,360,37,540.0,0.0,51.9036,2.414,0.1341,3.6696,5.4334,35.4297,0.0,54.7578,17.67,4.2843,54.2915,54.534,54.7342,0.0,51.0091,9.31,2.5082,48.9568,50.0776,50.6962,0.0,21.6851,1.0186,0.0401,1.734,2.1791,14.7229,131.6276
2026-07-02-05-41.mp4,640,360,37,540.0,0.0,7.1554,2.2001,1.8702,4.9678,6.4761,6.9627,0.0,16.6497,6.8733,3.7943,14.284,16.0115,16.5027,0.0,10.4753,2.8455,1.4831,7.4858,7.9111,9.6805,0.0,2.1654,0.965,0.997,2.0296,2.1042,2.1498,138.8092
2026-07-02-05-51.mp4,640,360,37,540.0,0.0,51.3082,3.0169,0.7352,5.1038,7.3085,36.0813,0.0,56.3112,42.5224,53.4006,55.2398,55.4572,56.0146,0.0,51.9983,6.8723,2.2279,17.17,49.4133,51.6291,0.0,29.1686,1.4819,0.1964,2.9899,3.7033,20.2785,128.36
2026-07-02-06-01.mp4,640,360,37,540.0,0.0,49.6493,1.9424,0.1723,2.3468,3.5345,33.092,0.0,53.3954,34.8115,50.875,51.908,52.1597,53.1004,0.0,49.5451,8.0701,0.8702,45.7305,48.3853,49.4743,0.0,29.8485,1.0382,0.0857,0.8627,1.174,19.5875,136.0954
2026-07-02-06-11.mp4,640,360,37,540.0,0.0,56.8963,2.7057,0.4262,4.3999,5.3504,38.7661,0.0,56.7461,14.5264,5.8108,56.5917,56.6394,56.7147,0.0,56.8754,9.6736,0.7461,55.0064,55.999,56.6965,0.0,35.3511,1.4223,0.3199,1.5029,1.7055,23.2617,135.5843
2026-07-02-06-21.mp4,640,360,37,540.0,0.0,0.0447,0.0083,0.0048,0.025,0.0409,0.0434,0.0,3.1259,0.4571,0.1016,1.4231,1.7158,2.8609,0.0,0.4436,0.0329,0.0026,0.0821,0.1268,0.3497,0.0,0.0195,0.0019,0.0002,0.0053,0.0077,0.0176,117.5284
2026-07-02-06-31.mp4,640,360,37,540.0,0.0,59.043,2.4634,0.2812,2.7047,2.9597,38.9936,0.0,65.5369,28.4964,5.3394,64.4936,64.9188,65.4731,0.0,61.7713,9.3481,1.5234,51.4356,55.2817,59.8219,0.0,57.5625,1.9954,0.1539,1.5774,2.0771,37.5898,126.0943
2026-07-02-06-41.mp4,640,360,37,540.0,0.0,59.3099,4.1716,2.3772,6.0406,6.3716,40.3041,0.0,62.5938,14.344,9.6398,52.8805,57.5517,62.413,0.0,63.4731,10.2979,2.1875,57.8937,60.9483,63.0479,0.0,59.1493,2.6958,0.8815,2.7275,3.2519,39.1609,137.4454
2026-07-02-06-51.mp4,640,360,37,540.0,0.0,0.5885,0.0457,0.0126,0.0578,0.1672,0.5446,0.0,2.7331,1.1936,0.9779,2.5032,2.601,2.7303,0.0,1.2005,0.2112,0.1254,0.4569,0.5672,1.0199,0.0,0.2122,0.0174,0.0059,0.0235,0.0554,0.1956,116.3849
2026-07-02-07-01.mp4,640,360,37,540.0,0.0,56.0148,3.1096,0.0191,8.0138,11.3503,43.5887,0.0,56.6871,13.101,0.102,54.8965,55.5883,56.3236,0.0,55.1849,8.66,0.0265,51.1144,54.4618,54.9419,0.0,20.7873,1.2938,0.0082,3.1929,6.5191,16.6311,121.8878
2026-07-02-07-11.mp4,640,360,37,540.0,0.0,7.5412,2.4361,2.4852,6.0378,6.5274,7.3739,0.0,12.5516,7.2322,6.674,11.7946,12.3714,12.5291,0.0,5.9306,1.8705,2.0343,3.7758,4.0298,5.3186,0.0,3.6085,1.4013,1.1903,3.2113,3.4268,3.565,129.683
2026-07-02-07-21.mp4,640,360,37,540.0,0.0,8.0061,2.2899,0.8082,6.1399,7.5568,7.9423,0.0,13.7326,8.2958,9.3299,10.4112,10.7184,12.6901,0.0,4.4514,1.3266,0.4093,3.3254,3.5583,4.1545,0.0,5.5809,1.1194,0.334,2.5956,3.5233,5.1691,128.4965
2026-07-02-07-31.mp4,640,360,37,540.0,0.0,76.0352,7.5767,3.6215,9.0947,26.4383,74.9927,0.0,72.1645,18.6148,24.7726,27.0803,27.4242,56.112,0.0,72.4457,7.618,3.2964,20.832,22.2788,54.4421,0.0,80.3073,5.612,1.7157,4.243,18.6607,75.5594,129.9678
2026-07-02-07-41.mp4,640,360,37,540.0,0.0,7.2791,1.2995,0.8003,2.684,3.5425,6.3938,0.0,8.7665,3.4528,2.5929,7.464,8.57,8.7559,0.0,6.6966,1.6824,0.7257,4.104,6.3529,6.6087,0.0,2.3984,0.5896,0.3234,1.5491,1.8089,2.209,134.7324
2026-07-02-07-51.mp4,640,360,37,540.0,0.0,61.7109,4.6298,0.2244,5.8797,16.4606,59.1615,0.0,53.6641,9.1802,4.0647,38.7272,39.3539,48.8302,0.0,52.8503,7.2491,1.9457,35.562,37.2702,47.495,0.0,26.1497,2.0407,0.061,3.2465,8.2398,25.9599,134.5773
2026-07-02-08-01.mp4,640,360,37,540.0,0.0,9.7235,3.1571,2.6107,5.338,9.1722,9.5799,0.0,17.1415,10.4729,11.2595,15.302,16.0632,17.053,0.0,12.878,3.8209,3.7604,8.0669,8.1738,11.2804,0.0,4.8639,1.5454,1.2845,2.7851,3.3845,4.3543,133.2076
2026-07-02-08-11.mp4,640,360,37,540.0,0.0,82.1332,6.8539,2.1181,9.1884,22.8473,78.4204,0.0,82.2131,23.5953,30.9896,34.1349,34.9515,65.1997,0.0,82.5017,8.463,3.1063,27.8219,28.6167,63.2692,0.0,45.7854,3.8985,0.9755,5.3117,14.2981,45.1203,134.4511
2026-07-02-08-21.mp4,640,360,37,540.0,0.0,69.4462,5.0967,1.27,9.5873,10.9579,49.0798,0.0,69.3121,15.2999,14.8542,22.9027,23.3282,53.293,0.0,68.9653,7.0215,5.2214,10.5993,11.7851,49.7161,0.0,43.0527,2.8436,0.3001,4.6822,7.3025,30.2483,134.1392
2026-07-02-08-31.mp4,640,360,37,540.0,0.0,3.3151,0.2925,0.0178,0.9031,2.0192,2.8776,0.0,2.9766,1.5384,0.9692,2.8901,2.9201,2.9686,0.0,2.1506,0.3771,0.1324,1.4456,1.541,1.9401,0.0,1.0681,0.102,0.0026,0.3603,0.7961,0.9731,119.3873
2026-07-02-08-41.mp4,640,360,37,540.0,0.0,60.5955,2.6744,0.0469,5.9531,8.0903,42.3055,0.0,62.8954,20.3844,0.6597,62.3217,62.5691,62.8299,0.0,61.227,9.7623,0.1975,58.7898,60.1795,61.0634,0.0,36.8592,1.3343,0.005,2.1446,2.9339,24.6909,123.9181
2026-07-02-08-51.mp4,640,360,37,540.0,0.0,14.9835,3.836,3.4327,6.8862,8.2998,12.8771,0.0,17.7535,8.791,9.921,13.4594,13.6631,16.3201,0.0,13.1137,4.0542,3.7326,7.5371,8.4615,11.5071,0.0,7.9004,1.839,1.3915,3.3236,4.5606,7.88,130.9924
2026-07-02-09-01.mp4,640,360,37,540.0,0.0,75.3681,6.0921,0.5252,7.9562,29.9582,73.8947,0.0,69.536,22.8726,25.0573,26.2714,27.1855,54.3005,0.0,18.1328,3.535,2.2192,7.218,11.6884,17.7866,0.0,67.5254,3.8508,0.3401,3.2498,11.866,59.1508,138.0711
2026-07-02-09-11.mp4,640,360,37,540.0,0.0,65.4219,4.3205,0.0681,4.4497,16.6337,60.1596,0.0,65.3503,9.342,8.3212,10.1266,17.786,58.8309,0.0,66.1523,4.6656,0.2114,5.9562,16.6895,59.318,0.0,54.3418,3.1081,0.0438,2.1054,9.5921,48.8827,139.4005
2026-07-02-09-21.mp4,640,360,37,540.0,0.0,10.3381,2.9469,1.7335,7.4519,9.2017,10.1076,0.0,52.8377,13.7617,11.5339,27.8438,41.2876,48.77,0.0,15.9167,2.9926,0.2287,8.3732,11.6517,14.6936,0.0,4.7812,0.972,0.6484,1.7772,2.8259,4.1951,126.9957
2026-07-02-09-31.mp4,640,360,37,540.0,0.0,5.9071,2.7448,2.7517,4.4906,4.8271,5.6856,0.0,15.7565,6.8942,5.0694,15.2645,15.4996,15.7184,0.0,7.3715,2.5867,2.2053,6.1124,6.6217,7.3587,0.0,2.306,1.154,1.3672,1.7998,1.8186,2.138,98.4154
2026-07-02-09-41.mp4,640,360,37,540.0,0.0,49.9622,3.744,0.4996,5.4969,14.2247,45.7664,0.0,43.8524,19.5262,29.9653,30.3464,30.6381,39.2485,0.0,38.5699,5.8905,0.8203,28.7675,29.3095,35.2793,0.0,39.2266,2.4138,0.0701,2.9029,8.4826,35.2818,98.8262
2026-07-02-09-51.mp4,640,360,37,540.0,0.0,4.7847,1.0877,0.5525,2.7246,2.9572,4.1833,0.0,7.3199,3.2854,3.5056,4.5943,4.7529,6.4474,0.0,5.1562,0.7395,0.2934,2.0998,3.1144,4.5096,0.0,3.0807,0.4584,0.2231,1.0631,1.932,2.9542,97.527
2026-07-02-10-01.mp4,640,360,37,540.0,0.0,54.8733,2.2089,0.0356,2.3698,4.145,37.8006,0.0,54.9201,33.9477,52.7535,53.3323,54.1629,54.7157,0.0,54.6615,8.36,0.2148,51.9356,53.6515,54.521,0.0,54.9796,1.7424,0.0128,0.9947,1.3369,36.013,115.9276
2026-07-02-10-11.mp4,640,360,37,540.0,0.0,41.0456,2.466,0.0052,1.143,17.5417,37.2773,0.0,57.7439,10.8371,0.4783,48.6056,50.8179,55.3308,0.0,44.9353,5.0445,0.1701,31.9329,33.7838,41.0688,0.0,26.9865,1.2165,0.0015,0.6577,4.114,22.0982,114.1257
2026-07-02-10-21.mp4,640,360,37,540.0,0.0,11.1667,2.2334,1.6892,4.2072,7.2799,10.4219,0.0,22.6037,9.3813,9.3086,18.879,19.3079,21.4762,0.0,8.599,3.3732,3.2795,6.5049,7.5121,8.5813,0.0,2.2806,0.9624,0.8398,2.0635,2.1324,2.2633,90.4822
2026-07-02-10-31.mp4,640,360,37,540.0,0.0,18.6936,4.6105,2.4861,11.6872,13.3573,18.2066,0.0,17.8663,8.3709,9.4466,12.6973,15.7384,17.2454,0.0,15.862,4.9447,4.6515,11.0687,12.9001,14.8368,0.0,4.6521,1.197,0.607,3.2292,4.3356,4.6285,89.1003
2026-07-02-10-41.mp4,640,360,37,540.0,0.0,33.9957,1.843,0.0,2.7518,9.269,28.8359,0.0,31.9826,21.7841,31.7018,31.9134,31.9328,31.9692,0.0,30.6272,4.4342,0.0,25.1621,30.1225,30.5225,0.0,13.7211,0.6019,0.0,0.8225,2.3733,10.4092,92.927
2026-07-02-10-51.mp4,640,360,37,540.0,0.0,0.7253,0.0544,0.0,0.126,0.3669,0.7146,0.0,0.7925,0.048,0.0221,0.023,0.0829,0.622,0.0,0.7214,0.0273,0.0,0.0007,0.0602,0.5631,0.0,0.3882,0.0308,0.0,0.0802,0.2255,0.3802,92.2632
2026-07-02-11-01.mp4,640,360,37,540.0,0.0,0.0447,0.0023,0.0,0.0,0.0162,0.0391,0.0,0.02,0.0129,0.0178,0.0191,0.0191,0.0197,0.0,0.0191,0.0022,0.0,0.013,0.0175,0.0186,0.0,0.0308,0.0016,0.0,0.0,0.0109,0.0266,92.0968
2026-07-02-11-11.mp4,640,360,37,540.0,0.0,0.0256,0.0016,0.0,0.0012,0.0085,0.0255,0.0,0.0247,0.0045,0.0,0.0232,0.0234,0.0242,0.0,0.0269,0.0069,0.0,0.0255,0.0265,0.0268,0.0,0.015,0.0009,0.0,0.0001,0.0043,0.0149,91.9641
2026-07-02-11-21.mp4,640,360,37,540.0,0.0,0.0,0.0,0.0,0.0,0.0,0.0,0.0,0.0,0.0,0.0,0.0,0.0,0.0,0.0,0.0,0.0,0.0,0.0,0.0,0.0,0.0,0.0,0.0,0.0,0.0,0.0,0.0,91.9849
2026-07-02-11-31.mp4,640,360,37,540.0,0.0,0.0,0.0,0.0,0.0,0.0,0.0,0.0,0.0,0.0,0.0,0.0,0.0,0.0,0.0,0.0,0.0,0.0,0.0,0.0,0.0,0.0,0.0,0.0,0.0,0.0,0.0,0.0,91.9281
2026-07-02-11-41.mp4,640,360,37,540.0,0.0,0.0,0.0,0.0,0.0,0.0,0.0,0.0,0.0,0.0,0.0,0.0,0.0,0.0,0.0,0.0,0.0,0.0,0.0,0.0,0.0,0.0,0.0,0.0,0.0,0.0,0.0,0.0,91.8541
2026-07-02-11-51.mp4,640,360,37,540.0,0.0,0.0061,0.0004,0.0,0.0,0.0024,0.0058,0.0,0.0078,0.0026,0.0,0.0078,0.0078,0.0078,0.0,0.0074,0.0015,0.0,0.0065,0.0067,0.0074,0.0,0.0024,0.0001,0.0,0.0,0.0004,0.0023,91.9089
2026-07-02-12-01.mp4,640,360,37,540.0,0.0,0.0,0.0,0.0,0.0,0.0,0.0,0.0,0.0,0.0,0.0,0.0,0.0,0.0,0.0,0.0,0.0,0.0,0.0,0.0,0.0,0.0,0.0,0.0,0.0,0.0,0.0,0.0,91.903
2026-07-02-12-11.mp4,640,360,37,540.0,0.0,0.0391,0.0018,0.0,0.0,0.0093,0.0324,0.0,0.0391,0.0063,0.0052,0.0117,0.0118,0.0294,0.0,0.0391,0.0025,0.0,0.0065,0.0065,0.0274,0.0,0.025,0.0011,0.0,0.0,0.0046,0.0205,91.8062
2026-07-02-12-21.mp4,640,360,37,540.0,0.0,0.0074,0.0002,0.0,0.0,0.0,0.0047,0.0,0.0078,0.0039,0.0074,0.0078,0.0078,0.0078,0.0,0.0078,0.0011,0.0,0.0074,0.0075,0.0078,0.0,0.0039,0.0001,0.0,0.0,0.0,0.0025,91.7211
2026-07-02-12-31.mp4,640,360,37,540.0,0.0,0.0,0.0,0.0,0.0,0.0,0.0,0.0,0.0,0.0,0.0,0.0,0.0,0.0,0.0,0.0,0.0,0.0,0.0,0.0,0.0,0.0,0.0,0.0,0.0,0.0,0.0,0.0,91.6957
2026-07-02-12-41.mp4,640,360,37,540.0,0.0,0.0,0.0,0.0,0.0,0.0,0.0,0.0,0.0,0.0,0.0,0.0,0.0,0.0,0.0,0.0,0.0,0.0,0.0,0.0,0.0,0.0,0.0,0.0,0.0,0.0,0.0,0.0,91.7932
2026-07-02-12-51.mp4,640,360,37,540.0,0.0,0.0078,0.0006,0.0,0.0,0.0071,0.0078,0.0,0.0078,0.0046,0.0078,0.0078,0.0078,0.0078,0.0,0.0078,0.0013,0.0,0.0076,0.0078,0.0078,0.0,0.0041,0.0003,0.0,0.0,0.0031,0.0041,91.7854
2026-07-02-13-01.mp4,640,360,37,540.0,0.0,0.0078,0.0004,0.0,0.0,0.0016,0.0078,0.0,0.0078,0.002,0.0026,0.0039,0.0044,0.0067,0.0,0.0078,0.0005,0.0,0.0025,0.0031,0.0063,0.0,0.0041,0.0002,0.0,0.0,0.0008,0.0041,91.8986
2026-07-02-13-11.mp4,640,360,37,540.0,0.0,0.0,0.0,0.0,0.0,0.0,0.0,0.0,0.0,0.0,0.0,0.0,0.0,0.0,0.0,0.0,0.0,0.0,0.0,0.0,0.0,0.0,0.0,0.0,0.0,0.0,0.0,0.0,91.9078
2026-07-02-13-21.mp4,640,360,37,540.0,0.0,0.0252,0.0013,0.0,0.0,0.0048,0.0247,0.0,0.0239,0.0006,0.0,0.0,0.0,0.0153,0.0,0.0247,0.0007,0.0,0.0,0.0,0.0158,0.0,0.0187,0.001,0.0,0.0,0.0036,0.0184,91.9854
2026-07-02-13-31.mp4,640,360,37,540.0,0.0,0.0,0.0,0.0,0.0,0.0,0.0,0.0,0.0,0.0,0.0,0.0,0.0,0.0,0.0,0.0,0.0,0.0,0.0,0.0,0.0,0.0,0.0,0.0,0.0,0.0,0.0,0.0,91.9697
2026-07-02-13-41.mp4,640,360,37,540.0,0.0,0.0,0.0,0.0,0.0,0.0,0.0,0.0,0.0,0.0,0.0,0.0,0.0,0.0,0.0,0.0,0.0,0.0,0.0,0.0,0.0,0.0,0.0,0.0,0.0,0.0,0.0,0.0,91.927
2026-07-02-13-51.mp4,640,360,37,540.0,0.0,0.0078,0.0004,0.0,0.0,0.0016,0.0078,0.0,0.0078,0.0002,0.0,0.0,0.0004,0.0051,0.0,0.0078,0.0002,0.0,0.0,0.0,0.005,0.0,0.0041,0.0002,0.0,0.0,0.0008,0.0041,91.9241
2026-07-02-14-01.mp4,640,360,37,540.0,0.0,0.0078,0.0006,0.0,0.0,0.0075,0.0078,0.0,0.0078,0.0046,0.0078,0.0078,0.0078,0.0078,0.0,0.0078,0.0011,0.0,0.0078,0.0078,0.0078,0.0,0.0041,0.0003,0.0,0.0,0.0039,0.0041,91.8392
2026-07-02-14-11.mp4,640,360,37,540.0,0.0,0.5286,0.0279,0.0,0.0,0.101,0.52,0.0,0.5221,0.0142,0.0,0.0004,0.0004,0.3343,0.0,0.0,0.0,0.0,0.0,0.0,0.0,0.0,0.2956,0.0159,0.0,0.0,0.0588,0.2951,92.27
2026-07-02-14-21.mp4,640,360,37,540.0,0.0,0.0039,0.0002,0.0,0.0,0.0009,0.0036,0.0,0.0035,0.0002,0.0,0.0008,0.0013,0.0027,0.0,0.0035,0.0001,0.0,0.0,0.0004,0.0024,0.0,0.0002,0.0,0.0,0.0,0.0,0.0002,92.4627
2026-07-02-14-31.mp4,640,360,37,540.0,0.0,0.0,0.0,0.0,0.0,0.0,0.0,0.0,0.0,0.0,0.0,0.0,0.0,0.0,0.0,0.0,0.0,0.0,0.0,0.0,0.0,0.0,0.0,0.0,0.0,0.0,0.0,0.0,92.3749
2026-07-02-14-41.mp4,640,360,37,540.0,0.0,0.0,0.0,0.0,0.0,0.0,0.0,0.0,0.0,0.0,0.0,0.0,0.0,0.0,0.0,0.0,0.0,0.0,0.0,0.0,0.0,0.0,0.0,0.0,0.0,0.0,0.0,0.0,92.6665
2026-07-02-14-51.mp4,640,360,37,540.0,0.0,0.0,0.0,0.0,0.0,0.0,0.0,0.0,0.0,0.0,0.0,0.0,0.0,0.0,0.0,0.0,0.0,0.0,0.0,0.0,0.0,0.0,0.0,0.0,0.0,0.0,0.0,0.0,92.7427
2026-07-02-15-01.mp4,640,360,37,540.0,0.0,0.0,0.0,0.0,0.0,0.0,0.0,0.0,0.0,0.0,0.0,0.0,0.0,0.0,0.0,0.0,0.0,0.0,0.0,0.0,0.0,0.0,0.0,0.0,0.0,0.0,0.0,0.0,92.7105
2026-07-02-15-11.mp4,640,360,37,540.0,0.0,0.0,0.0,0.0,0.0,0.0,0.0,0.0,0.0,0.0,0.0,0.0,0.0,0.0,0.0,0.0,0.0,0.0,0.0,0.0,0.0,0.0,0.0,0.0,0.0,0.0,0.0,0.0,92.8608
2026-07-02-15-21.mp4,640,360,37,540.0,0.0,0.0,0.0,0.0,0.0,0.0,0.0,0.0,0.0,0.0,0.0,0.0,0.0,0.0,0.0,0.0,0.0,0.0,0.0,0.0,0.0,0.0,0.0,0.0,0.0,0.0,0.0,0.0,92.9246
2026-07-02-15-31.mp4,640,360,37,540.0,0.0,0.0,0.0,0.0,0.0,0.0,0.0,0.0,0.0,0.0,0.0,0.0,0.0,0.0,0.0,0.0,0.0,0.0,0.0,0.0,0.0,0.0,0.0,0.0,0.0,0.0,0.0,0.0,92.9281
2026-07-02-15-41.mp4,640,360,37,540.0,0.0,0.0,0.0,0.0,0.0,0.0,0.0,0.0,0.0,0.0,0.0,0.0,0.0,0.0,0.0,0.0,0.0,0.0,0.0,0.0,0.0,0.0,0.0,0.0,0.0,0.0,0.0,0.0,92.9595
2026-07-02-15-51.mp4,640,360,37,540.0,0.0,0.0,0.0,0.0,0.0,0.0,0.0,0.0,0.0,0.0,0.0,0.0,0.0,0.0,0.0,0.0,0.0,0.0,0.0,0.0,0.0,0.0,0.0,0.0,0.0,0.0,0.0,0.0,92.7908
2026-07-02-16-01.mp4,640,360,37,540.0,0.0,0.0,0.0,0.0,0.0,0.0,0.0,0.0,0.0,0.0,0.0,0.0,0.0,0.0,0.0,0.0,0.0,0.0,0.0,0.0,0.0,0.0,0.0,0.0,0.0,0.0,0.0,0.0,92.8381
2026-07-02-16-11.mp4,640,360,37,540.0,0.0,0.1107,0.0051,0.0,0.0,0.0156,0.099,0.0,0.3008,0.1735,0.2799,0.2922,0.2939,0.2991,0.0,0.2934,0.0368,0.0,0.1828,0.2768,0.2915,0.0,0.041,0.0022,0.0,0.0,0.0082,0.041,92.7586
2026-07-02-16-21.mp4,640,360,37,540.0,0.0,2.9466,0.1788,0.0061,0.4996,1.0557,2.3372,0.0,3.5812,1.9829,3.2092,3.5287,3.5634,3.5774,0.0,3.3472,0.6755,0.0582,2.9624,3.1698,3.3128,0.0,0.6098,0.0488,0.0026,0.2065,0.3175,0.5049,92.0976
2026-07-02-16-31.mp4,640,360,37,540.0,0.0,47.4865,5.1746,0.3316,16.8599,26.3553,46.7534,0.0,46.0017,27.5528,34.7682,39.8313,39.9345,43.8389,0.0,39.8016,10.1163,6.7118,30.7589,38.8826,39.6735,0.0,22.0981,1.892,0.2059,2.7105,8.0899,21.8768,93.973
2026-07-02-16-41.mp4,640,360,37,540.0,0.0,6.6697,2.1983,1.951,4.7425,4.9569,6.2555,0.0,9.1445,4.4357,4.8837,7.6696,7.9723,8.7858,0.0,4.4301,1.3119,0.8229,3.9276,4.298,4.4028,0.0,3.6072,1.5334,1.2743,3.2511,3.3879,3.5752,94.3727
2026-07-02-16-51.mp4,640,360,37,540.0,0.0,5.9562,1.6323,1.536,2.6601,3.2931,5.0977,0.0,6.9136,3.5598,3.8681,5.7022,6.5327,6.8205,0.0,4.6128,1.0993,0.6046,2.4552,3.5135,4.3558,0.0,2.6148,1.2087,1.248,2.209,2.4124,2.5871,94.6332
2026-07-02-17-01.mp4,640,360,37,540.0,0.0,7.3941,1.8801,1.737,4.0029,5.6398,6.8082,0.0,8.5564,4.0056,3.3802,8.2593,8.3261,8.5042,0.0,6.7717,2.158,1.8668,5.6575,6.4674,6.6651,0.0,4.178,1.1246,1.2005,2.3867,2.8357,3.8603,94.767
2026-07-02-17-11.mp4,640,360,37,540.0,0.0,44.2635,4.1765,1.0872,7.4832,25.1654,43.3402,0.0,41.5668,25.8994,28.7891,30.6364,32.3573,40.6665,0.0,23.1914,2.6832,0.306,6.69,9.3375,20.7862,0.0,20.1868,1.8872,0.5451,1.6999,13.582,19.5531,95.5816
2026-07-02-17-21.mp4,640,360,37,540.0,0.0,50.1011,2.8075,0.9332,4.5303,5.6459,34.9967,0.0,47.7322,15.8992,8.7626,47.3643,47.6057,47.7089,0.0,50.2639,8.8219,1.6576,48.2989,49.5076,50.0577,0.0,22.207,1.2077,0.5497,1.6461,1.721,14.8783,94.7665
2026-07-02-17-31.mp4,640,360,37,540.0,0.0,2.303,0.1852,0.0061,0.3495,1.4048,2.2262,0.0,0.9397,0.6087,0.8398,0.9195,0.9296,0.9364,0.0,0.3602,0.0924,0.0139,0.3295,0.3425,0.3588,0.0,1.2977,0.0876,0.0026,0.1378,0.4523,1.2208,90.6397
2026-07-02-17-41.mp4,640,360,37,540.0,0.0,44.128,2.8946,0.0104,4.4395,9.9833,38.8749,0.0,48.6293,20.6763,0.0204,45.4875,47.1158,48.5443,0.0,44.4948,7.6988,0.0052,43.6861,44.3357,44.4821,0.0,23.9303,1.1289,0.0061,1.4738,2.5694,17.4826,93.5719
2026-07-02-17-51.mp4,640,360,37,540.0,0.0,4.4844,1.3487,1.3281,3.0718,3.669,4.3724,0.0,7.0907,2.4757,2.227,5.2632,6.0572,6.8715,0.0,4.5117,1.0829,0.5234,2.8812,3.4702,4.1769,0.0,3.4468,0.7633,0.5039,1.911,2.1339,3.0313,95.9059
2026-07-02-18-01.mp4,640,360,37,540.0,0.0,3.4249,0.7277,0.3602,1.8223,2.1111,3.0649,0.0,4.2865,1.3014,1.4436,3.1609,3.5152,4.0132,0.0,2.6172,0.6363,0.0022,1.6545,1.9884,2.488,0.0,1.5953,0.3924,0.2072,1.1064,1.2404,1.5536,95.9378
2026-07-02-18-11.mp4,640,360,37,540.0,0.0,49.4913,3.6587,0.8003,4.3097,14.1178,48.4972,0.0,45.9653,16.1106,21.8229,22.6079,23.1123,37.9556,0.0,46.4657,5.5762,1.2431,23.7766,24.6525,38.7382,0.0,24.2316,1.7345,0.424,1.2772,5.899,24.0393,97.5189
2026-07-02-18-21.mp4,640,360,37,540.0,0.0,52.6341,4.9912,1.8615,7.1945,17.373,51.1052,0.0,45.944,12.6088,8.2886,26.2085,26.3738,39.0838,0.0,47.9479,6.8139,4.2339,20.3368,22.189,39.3707,0.0,26.3585,2.1822,1.0929,2.2888,5.7212,23.7542,99.2303
2026-07-02-18-31.mp4,640,360,37,540.0,0.0,7.829,1.9558,1.4097,6.0667,6.9329,7.5454,0.0,14.7036,8.0339,11.059,14.1287,14.5682,14.6929,0.0,8.4553,3.5847,3.8694,7.5445,7.8202,8.3353,0.0,2.1838,0.7278,0.6267,1.775,1.8995,2.1409,101.2408
2026-07-02-18-41.mp4,640,360,37,540.0,0.0,52.2309,5.9667,3.0399,8.283,19.1366,48.4331,0.0,11.3398,7.545,8.0291,10.0721,11.0471,11.3115,0.0,7.0321,2.3455,2.8637,4.6829,5.172,6.5621,0.0,17.0312,2.6856,2.1389,3.774,9.354,16.4297,94.8897
2026-07-02-18-51.mp4,640,360,37,540.0,0.0,41.6107,2.8225,0.0004,7.7893,10.2307,33.0618,0.0,42.5786,29.549,39.3581,42.2116,42.2536,42.473,0.0,40.2209,5.9649,0.4444,32.2232,37.5745,39.6936,0.0,17.3264,1.1828,0.0,3.8712,4.323,12.8572,93.85
2026-07-02-19-01.mp4,640,360,37,540.0,0.0,1.5065,0.1336,0.0,0.3422,0.8644,1.4195,0.0,1.5582,0.3662,0.2721,0.5845,0.7274,1.366,0.0,1.2504,0.1484,0.0022,0.3582,0.4938,1.1621,0.0,0.8242,0.0679,0.0,0.1659,0.3523,0.8164,93.5989
2026-07-02-19-11.mp4,640,360,37,540.0,0.0,33.6263,2.628,0.0109,5.7069,10.5349,29.663,0.0,43.0556,16.5544,0.6471,42.8614,42.9508,43.0389,0.0,41.9744,6.9467,0.0091,33.4571,41.5488,41.9058,0.0,11.7342,0.9513,0.0059,2.4949,3.1872,8.969,93.5957
2026-07-02-19-21.mp4,640,360,37,540.0,0.0,5.4045,1.7473,1.5004,4.4517,4.9073,5.299,0.0,7.8238,3.0094,2.8724,5.5268,6.4323,7.3747,0.0,6.3707,1.349,0.3424,3.3155,4.3888,5.9084,0.0,3.0239,0.873,0.569,1.8838,2.5787,2.986,94.9778
2026-07-02-19-31.mp4,640,360,37,540.0,0.0,37.1345,2.9012,0.128,5.994,11.2291,31.7011,0.0,42.497,17.1015,8.4392,42.3092,42.3629,42.4514,0.0,42.9518,7.696,0.4093,39.2172,41.567,42.6635,0.0,12.503,1.0774,0.0508,2.5272,3.3581,9.9164,95.5165
2026-07-02-19-41.mp4,640,360,37,540.0,0.0,44.3073,2.9901,0.8672,6.231,7.4767,31.1084,0.0,44.8728,30.0696,41.9831,44.4194,44.5181,44.7767,0.0,44.4926,8.3635,3.1432,42.8799,43.6616,44.2968,0.0,18.038,1.5317,0.5742,3.504,3.7548,12.9176,93.5278
2026-07-02-19-51.mp4,640,360,37,540.0,0.0,45.2044,5.0745,1.5135,9.5022,16.5322,44.0144,0.0,41.4262,11.8944,9.8247,22.9078,24.0502,35.1906,0.0,44.2018,5.7279,3.2908,19.4981,20.9305,36.044,0.0,17.2287,2.0509,0.8197,3.5975,6.6314,16.4936,93.6846
2026-07-02-20-01.mp4,640,360,37,540.0,0.0,6.2964,1.7307,1.8555,3.149,4.0356,5.7119,0.0,12.0725,4.4262,3.6884,11.2516,11.5446,11.8847,0.0,4.7131,1.6408,1.1962,3.5835,4.3114,4.7019,0.0,1.9154,0.8099,0.8694,1.7564,1.8243,1.9137,93.4492
2026-07-02-20-11.mp4,640,360,37,540.0,0.0,55.7279,5.0545,1.7109,6.6488,26.6395,51.0613,0.0,40.592,29.776,36.1376,38.7777,39.1412,40.0787,0.0,37.4501,6.2704,2.6628,17.0384,34.6161,37.0577,0.0,34.1664,2.1675,1.1048,1.6885,6.337,25.3517,99.6846
2026-07-02-20-21.mp4,640,360,37,540.0,0.0,64.6515,4.5687,0.7144,6.4033,18.7582,60.5291,0.0,62.4002,19.6949,18.4349,57.923,62.0617,62.3146,0.0,64.8624,14.8644,4.6701,57.9149,63.3644,64.491,0.0,37.4232,2.4689,0.599,1.7119,10.8289,34.7111,101.3895
2026-07-02-20-31.mp4,640,360,37,540.0,0.0,5.6441,1.0042,0.4062,2.2795,3.1673,4.9929,0.0,9.0838,4.817,7.253,7.8993,8.3227,8.8794,0.0,7.6003,1.4876,0.0,5.2876,6.0704,7.1434,0.0,1.4041,0.4654,0.2626,1.1618,1.3757,1.398,104.6562
2026-07-02-20-41.mp4,640,360,37,540.0,0.0,57.4575,3.4566,0.0308,3.8186,14.9302,52.6722,0.0,53.5842,14.9852,0.885,37.8573,38.5475,48.6287,0.0,55.6875,6.8653,0.2513,35.0284,36.5299,49.3269,0.0,30.2339,1.7149,0.0143,2.5708,7.2457,25.8372,102.3473
2026-07-02-20-51.mp4,640,360,37,540.0,0.0,13.2574,2.1529,0.0312,4.7784,9.6185,12.0249,0.0,10.9379,6.1972,7.1615,9.4794,10.3078,10.9318,0.0,9.6649,2.2169,0.355,7.3266,8.5427,9.3331,0.0,3.5451,1.026,0.0247,3.1367,3.3972,3.5447,97.1886
2026-07-02-21-01.mp4,640,360,37,540.0,0.0,42.4527,3.375,0.4266,4.6106,14.7199,41.8574,0.0,40.6749,18.9214,22.6762,23.943,24.1136,34.8857,0.0,19.4102,3.3545,1.3503,9.1846,17.6122,19.0477,0.0,19.0599,1.4,0.1693,2.985,5.8451,16.1755,99.627
2026-07-02-21-11.mp4,640,360,37,540.0,0.0,4.6089,1.0494,0.7582,2.4724,3.7575,4.4362,0.0,10.9336,6.3088,6.3668,10.3716,10.738,10.906,0.0,4.4696,1.7033,1.9523,3.8822,4.3128,4.4216,0.0,1.2311,0.3711,0.3064,0.9552,1.1136,1.2274,101.5765
2026-07-02-21-21.mp4,640,360,37,540.0,0.0,50.1098,4.0626,0.5069,7.3172,17.498,42.2504,0.0,49.6918,36.4384,40.3711,42.0528,42.5253,47.1357,0.0,12.194,2.3222,1.3737,5.9429,7.3735,11.3152,0.0,24.2125,1.6105,0.4731,1.817,4.4329,20.3069,91.5568
2026-07-02-21-31.mp4,640,360,37,540.0,0.0,8.1406,2.612,2.3542,4.2829,4.8225,7.4761,0.0,16.2669,10.5674,12.7044,15.082,15.9357,16.2531,0.0,7.7092,2.483,2.4158,5.8504,5.9411,7.1398,0.0,2.2337,0.9139,0.8687,1.6863,1.9032,2.1593,90.7524
2026-07-02-21-41.mp4,640,360,37,540.0,0.0,34.2218,4.1085,0.7318,7.0267,22.4706,32.5292,0.0,35.0564,26.7414,32.5352,34.6874,34.9907,35.0494,0.0,31.6892,4.7754,2.1688,12.7813,28.768,31.6366,0.0,18.3283,1.574,0.4245,3.1983,4.703,13.8103,98.4622
2026-07-02-21-51.mp4,640,360,37,540.0,0.0,64.5113,5.749,2.0664,6.6953,24.8665,61.9476,0.0,66.4449,24.0435,20.1315,46.876,47.6115,59.6687,0.0,68.3854,8.8467,3.3694,33.8287,36.1186,57.7357,0.0,52.265,3.8195,0.9681,3.3477,11.8044,49.4426,116.7376
2026-07-02-22-01.mp4,640,360,37,540.0,0.0,55.0829,4.6773,2.8576,9.8337,14.2255,40.7146,0.0,55.6341,19.885,13.3186,54.7947,55.2218,55.5621,0.0,54.8151,11.1279,5.3034,46.9116,52.6047,54.3745,0.0,19.372,2.1287,1.6016,3.4344,4.028,14.2719,140.7189
2026-07-02-22-11.mp4,640,360,37,540.0,0.0,63.3581,3.3818,0.0165,2.4201,11.8865,54.9818,0.0,62.1224,19.5692,0.3724,45.7505,46.6455,56.5571,0.0,62.9093,8.1986,0.3767,43.1572,44.8321,56.516,0.0,57.2654,2.6436,0.0098,1.4464,7.5148,47.7972,133.3141
2026-07-02-22-21.mp4,640,360,37,540.0,0.0,4.049,0.3911,0.0,1.1644,1.4894,3.4729,0.0,5.2821,1.158,0.928,2.7193,4.5719,5.2562,0.0,3.9822,0.4352,0.0,1.8854,3.0786,3.9427,0.0,1.2059,0.2257,0.0,0.8818,1.0421,1.2054,128.0824
2026-07-02-22-31.mp4,640,360,37,540.0,0.0,4.6949,1.1955,1.1445,2.7614,3.3817,4.5536,0.0,4.4766,1.2242,0.6285,2.5583,3.7638,4.3155,0.0,4.7734,0.8788,0.0,2.3972,4.0047,4.5478,0.0,2.5111,0.6161,0.4477,1.4988,1.6793,2.2855,137.9792
2026-07-02-22-41.mp4,640,360,37,540.0,0.0,67.4345,4.7105,0.8802,5.1422,18.137,64.6917,0.0,59.628,32.4677,35.1649,38.1608,38.4117,52.2168,0.0,7.8976,1.3058,0.145,5.7072,6.842,7.7424,0.0,58.6241,3.4022,0.3362,1.4784,11.8737,55.4584,143.3508
2026-07-02-22-51.mp4,640,360,37,540.0,0.0,6.8911,0.9297,0.0,2.4789,2.9805,5.9816,0.0,8.7565,5.0289,7.6215,8.2383,8.4612,8.6868,0.0,7.9714,1.4258,0.0,6.5393,7.6741,7.93,0.0,1.5829,0.3834,0.0,1.231,1.4341,1.5378,145.0386
2026-07-02-23-01.mp4,640,360,37,540.0,0.0,61.2287,4.768,1.0608,6.8065,17.332,58.169,0.0,52.9648,7.9251,1.7192,23.9308,24.8002,42.8828,0.0,52.4701,6.1083,1.4792,18.8628,21.0427,41.7315,0.0,35.1819,2.6208,0.5527,2.9117,9.3929,34.3821,143.143
2026-07-02-23-11.mp4,640,360,37,540.0,0.0,13.3477,4.0189,4.0603,7.9309,8.5653,11.6644,0.0,22.0343,8.8828,5.5056,17.0433,19.38,21.6115,0.0,14.2917,4.651,4.1749,10.342,12.3078,14.0676,0.0,5.2192,2.0736,1.9898,4.2593,4.4056,5.1186,138.8505
2026-07-02-23-21.mp4,640,360,37,540.0,0.0,61.3173,5.9166,2.8685,7.6211,19.0222,60.3856,0.0,58.2899,25.7906,30.5829,32.4283,33.7535,49.713,0.0,28.674,4.6531,3.6975,7.4335,17.9093,27.8031,0.0,31.7368,3.1883,1.7578,3.7166,9.0614,30.8005,136.6662
2026-07-02-23-31.mp4,640,360,37,540.0,0.0,60.701,2.0992,0.0217,2.7188,4.2761,40.663,0.0,69.0551,45.9813,61.4188,67.8792,68.1235,68.8518,0.0,60.0056,9.4385,0.0373,55.7307,58.2253,59.7254,0.0,28.4182,1.0258,0.0061,1.1225,2.8358,19.3842,135.1084
2026-07-02-23-41.mp4,640,360,37,540.0,0.0,72.7248,6.197,0.0239,12.0367,50.3805,69.3039,0.0,71.6571,11.6052,3.5681,42.667,43.1718,61.5785,0.0,63.8281,11.1079,1.1029,37.8323,40.4983,55.7408,0.0,38.8194,2.8987,0.0091,8.7383,22.2225,32.9319,134.9384
2026-07-02-23-51.mp4,640,360,37,540.0,0.0,49.1254,4.8689,1.1793,7.7451,18.8733,46.1396,0.0,57.5898,44.6372,53.2873,55.8261,56.1032,57.1557,0.0,49.1037,5.5985,3.0951,8.1443,24.5748,46.2242,0.0,22.1851,2.3679,0.6369,4.2107,7.5424,21.2276,135.2454
2026-07-03-00-01.mp4,640,360,37,540.0,0.0,11.3885,3.22,2.0898,8.4634,9.1757,11.1493,0.0,19.9427,13.2919,16.2188,19.7722,19.8306,19.9047,0.0,11.753,3.8829,2.9701,9.2639,9.9221,11.5124,0.0,7.7001,1.762,0.9167,3.9961,5.4124,7.571,134.153
2026-07-03-00-11.mp4,640,360,37,540.0,0.0,36.4266,4.3671,1.8711,11.0386,11.7162,28.0904,0.0,44.6675,13.1627,10.2253,43.2181,44.0784,44.6564,0.0,37.8685,8.9973,5.5438,36.3745,36.8744,37.5922,0.0,9.0974,1.5577,0.4538,4.3642,5.7075,7.9343,134.8446
2026-07-03-00-21.mp4,640,360,37,540.0,0.0,54.1007,2.852,0.3177,5.1438,7.3822,37.3354,0.0,56.6185,25.6655,7.8976,55.1202,55.5664,56.371,0.0,55.7977,9.5939,3.7552,49.0245,51.8147,55.1713,0.0,25.926,1.269,0.1198,1.7264,1.8546,17.3973,136.7181
2026-07-03-00-31.mp4,640,360,37,540.0,0.0,62.0972,3.6835,1.5239,5.0916,6.0098,42.193,0.0,55.4345,16.0447,8.625,54.0809,54.4002,55.1265,0.0,61.1506,10.1692,1.786,54.8178,57.8901,60.2767,0.0,34.5028,1.8157,1.0441,1.8029,1.926,22.783,137.0268
2026-07-03-00-41.mp4,640,360,37,540.0,0.0,6.4514,0.2295,0.0035,0.1179,0.388,4.6186,0.0,9.5247,3.4024,0.1593,9.4527,9.4768,9.5202,0.0,7.2808,1.0656,0.0009,6.5629,7.0369,7.2424,0.0,1.053,0.0397,0.0007,0.0407,0.0818,0.7464,132.8776
2026-07-03-00-51.mp4,640,360,37,540.0,0.0,1.0625,0.0827,0.0052,0.2165,0.4606,0.9597,0.0,1.1089,0.5896,0.6246,0.8474,0.8941,1.0485,0.0,0.3685,0.0192,0.0017,0.0293,0.0584,0.2691,0.0,0.5408,0.0373,0.0004,0.1136,0.2126,0.4406,134.5016
2026-07-03-01-01.mp4,640,360,37,540.0,0.0,0.0634,0.0089,0.0004,0.0322,0.048,0.0595,0.0,0.1849,0.0497,0.0382,0.111,0.1626,0.1804,0.0,0.0417,0.0045,0.0004,0.0128,0.0179,0.0382,0.0,0.0286,0.0027,0.0,0.01,0.0109,0.0233,133.0357
2026-07-03-01-11.mp4,640,360,37,540.0,0.0,2.7756,0.1669,0.02,0.1047,0.7466,2.5284,0.0,2.8472,0.5816,0.204,2.4097,2.4753,2.7914,0.0,2.6241,0.3886,0.0239,1.9085,2.5458,2.6182,0.0,0.9288,0.0593,0.0052,0.0558,0.245,0.8669,130.8592
2026-07-03-01-21.mp4,640,360,37,540.0,0.0,51.9457,1.6431,0.0239,0.8575,2.9424,34.4035,0.0,53.7435,10.0196,0.135,52.1821,52.6165,53.4468,0.0,52.8459,7.9283,0.0538,51.4304,52.2013,52.7025,0.0,26.7873,0.8255,0.0076,0.3956,1.056,17.7231,132.4668
2026-07-03-01-31.mp4,640,360,37,540.0,0.0,5.125,1.484,1.2852,3.7777,4.5262,5.0745,0.0,9.1189,3.9475,3.0851,8.0951,8.403,8.9164,0.0,8.1198,2.0907,0.9414,6.7385,7.6739,8.0709,0.0,1.7632,0.6733,0.5514,1.5295,1.6748,1.7574,139.8638
2026-07-03-01-41.mp4,640,360,37,540.0,0.0,55.8997,6.3002,0.1497,22.2266,43.3238,55.8961,0.0,57.3919,32.3378,23.964,55.2582,57.2097,57.352,0.0,51.8655,10.032,3.6207,42.981,49.7066,51.4339,0.0,30.8904,2.5203,0.0603,5.9603,17.0259,28.1694,136.957
2026-07-03-01-51.mp4,640,360,37,540.0,0.0,0.1597,0.011,0.0009,0.0185,0.0596,0.1275,0.0,0.3728,0.1419,0.0838,0.3483,0.3589,0.3689,0.0,0.1727,0.0388,0.0004,0.1553,0.1614,0.1704,0.0,0.1152,0.0052,0.0,0.0088,0.019,0.0826,131.1373
2026-07-03-02-01.mp4,640,360,37,540.0,0.0,55.6879,2.5796,0.0278,4.4491,6.5615,39.3215,0.0,54.0725,17.1757,1.0317,52.2918,52.8252,53.7475,0.0,54.8403,9.3751,0.4036,53.1097,54.2619,54.7331,0.0,21.6389,1.0793,0.0135,1.9013,2.9326,15.8457,132.7862
2026-07-03-02-11.mp4,640,360,37,540.0,0.0,7.73,1.8278,0.3485,5.1038,5.9892,7.1578,0.0,16.572,9.5053,10.6493,15.6114,15.93,16.5689,0.0,9.678,2.6554,2.372,7.2011,8.1799,9.4359,0.0,3.1217,0.86,0.115,2.6648,2.8348,3.1019,139.8846
2026-07-03-02-21.mp4,640,360,37,540.0,0.0,6.9813,2.1161,0.6406,6.0714,6.4775,6.8919,0.0,10.0712,5.5706,7.1858,9.8678,9.9226,10.0181,0.0,8.9184,3.3454,3.773,6.3417,7.2527,8.5001,0.0,4.4889,0.9094,0.2023,2.7521,3.3658,4.0942,139.9641
2026-07-03-02-31.mp4,640,360,37,540.0,0.0,45.7548,2.3354,0.0039,5.5284,9.1023,33.8459,0.0,50.4792,29.7465,45.3555,49.7788,50.119,50.4496,0.0,44.0868,6.7323,0.0135,41.7178,43.7886,44.0563,0.0,16.9592,0.7647,0.0,1.5981,2.4175,12.1443,136.6211
2026-07-03-02-41.mp4,640,360,37,540.0,0.0,2.6007,0.1637,0.0182,0.3623,0.4932,1.8554,0.0,3.2391,2.3046,2.7461,3.0988,3.1088,3.194,0.0,2.5425,0.2704,0.0165,0.5945,1.4681,2.516,0.0,0.8906,0.0589,0.0078,0.1164,0.2535,0.6866,131.1319
2026-07-03-02-51.mp4,640,360,37,540.0,0.0,68.9865,4.8906,0.1059,10.1566,27.2021,61.5857,0.0,53.7661,14.4906,2.5725,45.2967,46.974,52.3705,0.0,57.5447,9.9481,0.2396,48.5958,49.9605,55.4175,0.0,41.5807,2.2563,0.048,1.8571,12.1074,35.2757,133.7146
2026-07-03-03-01.mp4,640,360,37,540.0,0.0,9.3542,3.3006,2.8841,6.3771,7.2931,8.9675,0.0,9.4952,2.7375,2.3338,5.2871,6.5638,8.6316,0.0,8.5547,2.0137,1.6749,4.4434,6.655,8.1778,0.0,3.7426,1.5157,1.4266,2.8423,3.2118,3.7149,136.7227
2026-07-03-03-11.mp4,640,360,37,540.0,0.0,10.7747,3.0205,2.6984,6.8847,7.2721,9.608,0.0,16.7448,9.5167,12.5451,14.8491,15.125,16.2048,0.0,9.1562,2.9466,2.8108,6.3833,8.476,9.0498,0.0,4.4167,1.3557,1.1367,2.7799,3.3213,4.3788,137.1386
2026-07-03-03-21.mp4,640,360,37,540.0,0.0,7.9692,2.9332,2.9744,6.452,7.5916,7.8939,0.0,11.9905,6.8832,8.2244,9.2614,9.5103,11.1306,0.0,5.2765,1.9964,1.0495,4.671,5.0817,5.2629,0.0,3.4896,1.3819,1.4128,3.0534,3.3455,3.4852,138.5886
2026-07-03-03-31.mp4,640,360,37,540.0,0.0,57.4683,6.3439,1.6554,8.4632,37.6169,56.2989,0.0,45.559,19.6491,9.27,44.7271,45.0213,45.4198,0.0,56.3242,17.165,4.2969,55.8875,56.2251,56.3164,0.0,30.89,2.8869,0.5347,4.3438,12.0406,30.424,136.3943
2026-07-03-03-41.mp4,640,360,37,540.0,0.0,6.9939,2.2837,1.9323,4.0808,5.4215,6.5424,0.0,13.1519,6.195,6.0525,10.6034,12.7855,13.0847,0.0,8.1046,2.4525,1.829,6.1042,6.9975,7.9001,0.0,2.6506,1.0356,1.0293,1.7339,1.772,2.3466,141.063
2026-07-03-03-51.mp4,640,360,37,540.0,0.0,54.6411,2.1816,0.0299,2.1467,5.18,37.3837,0.0,52.3112,27.476,49.8989,52.1955,52.2696,52.2976,0.0,52.5352,8.6195,0.0269,50.5915,51.8095,52.3714,0.0,27.8394,1.0117,0.0124,0.661,1.77,18.7127,136.3124
2026-07-03-04-01.mp4,640,360,37,540.0,0.0,53.0985,3.8724,2.2088,6.3765,9.0782,39.8363,0.0,56.2899,47.3263,52.4219,55.6839,55.9688,56.2512,0.0,11.1549,4.1863,3.878,10.1455,10.733,11.0623,0.0,32.2342,1.8934,0.9395,1.8812,3.494,24.155,136.6984
2026-07-03-04-11.mp4,640,360,37,540.0,0.0,57.3051,4.8092,1.4332,5.7676,22.7375,54.7403,0.0,60.3481,23.9433,8.9792,58.7398,59.8572,60.2389,0.0,58.2053,17.7592,5.2244,54.3583,56.8978,58.1094,0.0,31.77,2.238,0.6304,2.9074,9.4839,29.3044,136.3778
2026-07-03-04-21.mp4,640,360,37,540.0,0.0,7.1997,2.7781,2.4913,6.6064,6.8546,7.1617,0.0,13.6727,8.0984,10.6845,12.5029,13.3927,13.6137,0.0,10.8121,3.4684,3.0629,8.0278,8.5895,10.2258,0.0,4.5911,1.5445,1.1257,3.7751,4.2271,4.4749,138.6073
2026-07-03-04-31.mp4,640,360,37,540.0,0.0,39.7617,1.1469,0.0156,0.3647,0.6246,25.7211,0.0,2.2756,1.2046,1.6363,2.0987,2.1944,2.27,0.0,1.3685,0.3081,0.0946,1.018,1.276,1.3507,0.0,17.0373,0.4934,0.0067,0.2053,0.2843,11.0178,133.2703
2026-07-03-04-41.mp4,640,360,37,540.0,0.0,43.7496,3.6965,1.5152,6.2178,9.0772,32.7474,0.0,47.8164,38.3706,45.1376,47.597,47.774,47.8058,0.0,43.6667,4.6694,2.4271,7.3242,11.7849,37.5326,0.0,15.9677,1.5851,0.9041,3.2603,3.4239,11.5555,136.7851
2026-07-03-04-51.mp4,640,360,37,540.0,0.0,40.7552,3.0249,0.474,6.5435,9.6865,30.2215,0.0,43.4648,23.8631,17.0273,43.0346,43.2248,43.4409,0.0,38.7969,6.8872,0.023,34.0743,37.7135,38.5781,0.0,15.4657,1.1002,0.1704,2.4108,3.5117,11.185,136.3076
2026-07-03-05-01.mp4,640,360,36,525.0,0.0,0.0638,0.0122,0.0024,0.048,0.0583,0.0624,0.0,0.0977,0.0504,0.0486,0.0751,0.0785,0.0928,0.0,0.0278,0.004,0.0002,0.0121,0.0245,0.0269,0.0,0.0375,0.0058,0.0,0.0245,0.0294,0.0352,131.7672
2026-07-03-05-11.mp4,640,360,37,540.0,0.0,54.6411,1.7097,0.0009,0.9482,2.5018,35.8778,0.0,50.4909,1.9345,0.043,2.2106,2.3871,33.2198,0.0,54.796,1.7629,0.0026,1.658,1.8031,35.8743,0.0,27.7168,0.8554,0.0,0.4728,0.9631,18.104,128.5792
2026-07-03-05-21.mp4,640,360,37,540.0,0.0,7.9119,1.6287,0.5981,5.0079,5.9659,7.5422,0.0,11.8872,8.4217,9.8416,10.8533,11.2023,11.7969,0.0,7.6493,1.8064,0.4996,5.0685,5.7643,7.1345,0.0,2.6317,0.6291,0.3019,1.514,2.0803,2.4507,137.2816
2026-07-03-05-31.mp4,640,360,37,540.0,0.0,55.799,3.1293,0.1137,5.4031,8.8787,43.2031,0.0,47.8533,24.9356,11.6788,47.5322,47.8032,47.8419,0.0,48.5773,8.5871,0.0903,42.9547,46.748,48.2471,0.0,22.2201,1.141,0.079,1.9512,3.3928,15.4892,134.8303
2026-07-03-05-41.mp4,640,360,37,540.0,0.0,4.9696,0.2566,0.0017,0.0447,0.8792,4.668,0.0,4.2886,0.7666,0.9748,1.0214,1.0294,3.1213,0.0,4.2088,0.2476,0.0009,0.9087,0.9633,3.0475,0.0,0.951,0.0539,0.0,0.0245,0.2055,0.931,130.6632
2026-07-03-05-51.mp4,640,360,37,540.0,0.0,1.6597,0.0659,0.0009,0.0248,0.1764,1.2735,0.0,2.1949,0.2011,0.0013,0.3082,2.1626,2.193,0.0,2.2795,0.2055,0.0004,0.3127,2.2238,2.2692,0.0,0.8186,0.0279,0.0,0.0086,0.064,0.5707,130.1078
2026-07-03-06-01.mp4,640,360,37,540.0,0.0,49.878,3.2416,0.8689,5.8643,7.0809,35.3475,0.0,52.3707,31.5562,47.691,50.1817,50.9505,52.0669,0.0,51.3702,9.708,4.4219,49.4327,49.9678,50.8915,0.0,22.9967,1.7221,0.4269,3.3082,3.8811,16.2317,135.6181
2026-07-03-06-11.mp4,640,360,37,540.0,0.0,57.9996,6.4094,2.4201,8.279,33.8862,54.1205,0.0,48.9518,18.9119,15.4523,43.2192,45.8186,48.2551,0.0,46.3299,10.3833,5.7127,39.8412,44.6337,46.1392,0.0,42.2995,3.1952,1.3025,4.1663,11.2606,35.5423,138.2432
2026-07-03-06-21.mp4,640,360,37,540.0,0.0,10.5295,2.4424,1.2921,6.1661,6.7253,9.497,0.0,14.615,9.6639,10.0052,12.5781,13.5454,14.3609,0.0,6.9084,1.8832,0.1042,5.0693,5.7288,6.5931,0.0,3.9091,1.0028,0.6984,2.5917,2.8001,3.5374,135.7762
2026-07-03-06-31.mp4,640,360,37,540.0,0.0,7.043,1.6815,0.7882,5.3629,5.7292,6.8833,0.0,10.2491,6.4505,8.2461,8.8997,9.0685,9.9021,0.0,7.6428,2.0934,0.0304,6.6208,6.8832,7.4675,0.0,2.1356,0.575,0.3049,1.7101,1.9141,2.0609,136.7065
2026-07-03-06-41.mp4,640,360,37,540.0,0.0,58.8086,4.2617,0.0291,6.0778,16.7839,56.7136,0.0,51.7847,19.6714,8.8572,39.9352,41.5023,48.1013,0.0,52.9497,8.1166,1.5629,37.5081,38.1331,47.7017,0.0,32.5432,1.9315,0.0135,2.5004,6.2519,28.0711,134.943
2026-07-03-06-51.mp4,640,360,37,540.0,0.0,52.8924,3.0526,0.023,6.4202,11.0003,38.7993,0.0,54.9032,35.4922,52.1927,52.997,53.509,54.6543,0.0,52.8138,9.6799,0.5204,51.5111,52.2709,52.7058,0.0,25.9479,1.4477,0.0104,2.8301,3.4352,18.6182,136.3546
2026-07-03-07-01.mp4,640,360,37,540.0,0.0,50.7491,6.251,3.0742,13.8962,24.9499,47.618,0.0,52.5373,17.5686,10.4809,51.6815,52.241,52.5365,0.0,55.0599,11.7385,3.454,49.6963,53.6887,54.7268,0.0,22.9698,2.4037,1.1382,3.7622,7.2458,19.5348,137.6751
2026-07-03-07-11.mp4,640,360,37,540.0,0.0,5.7431,1.6787,1.2057,3.9735,5.1586,5.5629,0.0,13.2895,6.8068,6.849,11.7145,12.0537,12.8693,0.0,6.3437,0.9181,0.1571,2.4993,4.2377,5.8761,0.0,2.3741,0.77,0.5271,2.0912,2.1081,2.2812,129.3357
2026-07-03-07-21.mp4,640,360,37,540.0,0.0,6.474,2.263,2.0777,4.0564,5.4827,6.321,0.0,19.4527,9.2206,10.9015,17.4984,18.5196,19.3932,0.0,8.2188,3.1385,2.6003,7.1836,7.4735,7.9805,0.0,2.5618,1.2165,1.4071,1.981,2.1687,2.4529,131.8157
2026-07-03-07-31.mp4,640,360,37,540.0,0.0,48.2852,5.3554,2.4609,6.4183,27.64,44.207,0.0,43.4657,19.9181,11.3589,38.7187,39.8253,42.1755,0.0,41.3772,8.1982,4.7192,29.5774,33.4446,39.0623,0.0,21.2754,2.0864,1.2476,2.6386,7.5683,18.6849,136.1686
